functional_ingredient_name,category_main,category_sub,claim_text,source,confidence,notes,categories_json
레몬밤민들레추출복합물(LD100)(제2022-23호),간 건강,밀크씨슬/실리마린 계열,"(국문) 간 건강에 도움을 줄 수 있음
(영문) May help to protect liver",item_class,0.94,"(1) 영·유아, 어린이, 임산부 및 수유부는 섭취에 주의할 것","[""간 건강""]"
마그나스표고균사체추출물분말(제2009-3호),간 건강,밀크씨슬/실리마린 계열,"(국문) 간 건강에 도움을 줄 수 있음
(영문) May help to liver health",item_class,0.94,-,"[""간 건강""]"
청호추출분말(리베라템)(제2021-19호),간 건강,밀크씨슬/실리마린 계열,"(국문) 간 건강에 도움을 줄 수 있음
(영문) May help to protect liver",item_class,0.94,"(1) 영·유아, 어린이, 임산부 및 수유부는 섭취를 삼가","[""간 건강""]"
헛개나무과병·오미자박추출복합물(제2025-12호),간 건강,밀크씨슬/실리마린 계열,"(국문) 간 건강에 도움을 줄 수 있음
(영문) May help to protect liver",item_class,0.94,"(1) 영유아, 어린이, 임산부 및 수유부는 섭취를 피할 것","[""간 건강""]"
밀크씨슬 추출물(Milk Thistle Extract),간 건강,밀크씨슬/실리마린 계열,간 건강 관련 기능성원료로 분류,"official, rule, curated",0.72,,"[""간 건강""]"
밀크씨슬추출물,간 건강,밀크씨슬/실리마린 계열,간 건강 관련 기능성원료로 분류,"official, rule, curated",0.72,,"[""간 건강""]"
아티초크추출물,간 건강,밀크씨슬/실리마린 계열,간 건강 관련 기능성원료로 분류,"official, rule",0.72,,"[""간 건강""]"
헛개나무,간 건강,밀크씨슬/실리마린 계열,간 건강 관련 기능성원료로 분류,rule_based,0.72,,"[""간 건강""]"
헛개나무 과병 추출 분말,간 건강,밀크씨슬/실리마린 계열,간 건강 관련 기능성원료로 분류,"official, rule",0.72,,"[""간 건강""]"
헛개나무과병추출분말,간 건강,밀크씨슬/실리마린 계열,간 건강 관련 기능성원료로 분류,"official, rule",0.72,,"[""간 건강""]"
헛개나무과병추출분말(기능성원료인정제2008-55호),간 건강,밀크씨슬/실리마린 계열,간 건강 관련 기능성원료로 분류,I0050,0.72,,"[""간 건강""]"
헛개나무과병추출분말(기능성원료인정제2016-10호),간 건강,밀크씨슬/실리마린 계열,간 건강 관련 기능성원료로 분류,I0050,0.72,,"[""간 건강""]"
글루코사민,관절/연골,MSM/NAG/보스웰리아 계열,①관절 및 연골 건강에 도움을 줄 수 있음,item_class,0.94,(가) 임산부 및 수유부는 섭취를 피할 것,"[""관절/연골""]"
닭가슴연골분말(UC-II)(제2014-39호),관절/연골,MSM/NAG/보스웰리아 계열,관절건강에 도움을 줄 수 있음(생리활성기능 2등급),item_class,0.94,"- 임산부, 수유부는 섭취 시 의사와 상담","[""관절/연골""]"
리프리놀-초록입홍합추출오일(제2009-49호),관절/연골,MSM/NAG/보스웰리아 계열,"(국문) 관절 건강에 도움을 줄 수 있음
(영문) May help to maintain healthy joint",item_class,0.94,1) 임신부 및 수유부는 섭취를 피할 것,"[""관절/연골""]"
뮤코다당.단백,관절/연골,MSM/NAG/보스웰리아 계열,관절 및 연골건강에 도움을 줄 수 있음,item_class,0.94,,"[""관절/연골""]"
"엠에스엠(MSM, Methyl sulfonylmethane, 디메틸설폰)",관절/연골,MSM/NAG/보스웰리아 계열,(1) 관절 및 연골건강에 도움을 줄 수 있음,item_class,0.94,(가) 신장질환이 있는 사람은 섭취 전 전문가와 상담할 것,"[""관절/연골""]"
연어이리추출물(DOTTM연어핵산)(제2019-5호),관절/연골,MSM/NAG/보스웰리아 계열,"(국문) ① 관절 건강에 도움을 줄 수 있음, ② 위 점막을 보호하여 위 건강에 도움을 줄 수 있음
(영문) ① May help to maintain healthy joint, ② May help to maintain healthy stomach by protecting gastric mucosa",item_class,0.94,"(1) 영·유아, 어린이, 임산부 및 수유부는 섭취에 주의","[""관절/연골""]"
우슬 등 복합물(HL-Joint100)(제2018-13호),관절/연골,MSM/NAG/보스웰리아 계열,"(국문) 관절 및 연골건강에 도움을 줄 수 있음
(영문) May help to maintain healthy joint and cartilage",item_class,0.94,"-영·유아, 어린이, 임산부 및 수유부는 섭취에 주의","[""관절/연골""]"
초록입홍합추출오일복합물(제2004-8호),관절/연골,MSM/NAG/보스웰리아 계열,(국문) 관절건강에 도움을 줄 수 있음 (영문) May help to maintain healthy joint,item_class,0.94,(1) 임산부 및 수유부는 섭취를 피할 것 (2) 간 질환이 있거나 혈전용해제 등 복용 시 전문가와 상담할 것 (3) 알레르기 체질 등은 개인에 따라 과민반응을 나타낼 수 있음 (4) 이상사례 발생 시 섭취를 중단하고 전문가와 상담할 것,"[""관절/연골""]"
콘드로이친 황산염(제2020-1호),관절/연골,MSM/NAG/보스웰리아 계열,"(국문) 관절 및 연골 건강에 도움을 줄 수 있음
(영문) May help maintain healthy joint",item_class,0.94,"(1) 영·유아, 어린이, 임산부 및 수유부는 섭취에 주의할 것","[""관절/연골""]"
콘드로이친황산염(제2025-63호),관절/연골,MSM/NAG/보스웰리아 계열,"(국문) 관절 및 연골 건강에 도움을 줄 수 있음
(영문) May help to maintain joint and cartilage health",item_class,0.94,"(1) 영유아, 어린이, 임산부 및 수유부는 섭취를 피할 것","[""관절/연골""]"
"NAG(엔에이지, N-아세틸글루코사민, N-Acetylglucosamine)",관절/연골,MSM/NAG/보스웰리아 계열,(1) 관절 및 연골 건강·피부보습에 도움을 줄 수 있음,item_class,0.86,"복수 기능 후보: 관절/연골, 피부 건강 | (가) 어린이, 임산부 및 수유부는 섭취를 피할 것","[""관절/연골"", ""피부 건강""]"
MSM,관절/연골,MSM/NAG/보스웰리아 계열,관절 및 연골 관련 기능성원료로 분류,official,0.72,,"[""관절/연골""]"
Opti MSM,관절/연골,MSM/NAG/보스웰리아 계열,관절 및 연골 관련 기능성원료로 분류,official,0.72,,"[""관절/연골""]"
Rain Nutrience DistilPureTM MSM,관절/연골,MSM/NAG/보스웰리아 계열,관절 및 연골 관련 기능성원료로 분류,official,0.72,,"[""관절/연골""]"
리프리놀-초록입홍합추출오일,관절/연골,MSM/NAG/보스웰리아 계열,관절 및 연골 관련 기능성원료로 분류,official,0.72,,"[""관절/연골""]"
보스웰리아 추출물(Boswellia serrata R. extract),관절/연골,MSM/NAG/보스웰리아 계열,관절 및 연골 관련 기능성원료로 분류,"official, rule, curated",0.72,,"[""관절/연골""]"
보스웰리아추출물,관절/연골,MSM/NAG/보스웰리아 계열,관절 및 연골 관련 기능성원료로 분류,"official, rule, curated",0.72,,"[""관절/연골""]"
보스웰리아추출물(FJH-BS),관절/연골,MSM/NAG/보스웰리아 계열,관절 및 연골 관련 기능성원료로 분류,"official, rule, curated",0.72,,"[""관절/연골""]"
보스웰리아추출물(SERRATRIN),관절/연골,MSM/NAG/보스웰리아 계열,관절 및 연골 관련 기능성원료로 분류,"official, rule, curated",0.72,,"[""관절/연골""]"
보스웰리아추출물등 복합물(Flexir),관절/연골,MSM/NAG/보스웰리아 계열,관절 및 연골 관련 기능성원료로 분류,"official, rule, curated",0.72,,"[""관절/연골""]"
초록입홍합추출오일,관절/연골,MSM/NAG/보스웰리아 계열,관절 및 연골 관련 기능성원료로 분류,official,0.72,,"[""관절/연골""]"
초록입홍합추출오일복합물,관절/연골,MSM/NAG/보스웰리아 계열,관절 및 연골 관련 기능성원료로 분류,official,0.72,,"[""관절/연골""]"
콘드로이친 황산염,관절/연골,MSM/NAG/보스웰리아 계열,관절 및 연골 관련 기능성원료로 분류,official,0.72,,"[""관절/연골""]"
콘드로이친황산염,관절/연골,MSM/NAG/보스웰리아 계열,관절 및 연골 관련 기능성원료로 분류,official,0.72,,"[""관절/연골""]"
프로폴리스추출물,구강 건강,자일리톨/구강 계열,"(1) 기능성 내용 : 항산화 ․ 구강에서의 항균작용에 도움을 줄 수 있음
※ 구강에서의 항균작용은 구강에 직접 접촉할 수 있는 형태에 한하며, 섭취량을 적용하지 않음",item_class,0.86,"복수 기능 후보: 구강 건강, 항산화, 면역 | (가) 프로폴리스에 알레르기를 나타내는 사람은 섭취에 주의","[""구강 건강"", ""항산화"", ""면역""]"
자일리톨,구강 건강,자일리톨/구강 계열,구강 건강 관련 기능성원료로 분류,official,0.72,,"[""구강 건강""]"
자일리톨(기능성원료인정제2004-2호),구강 건강,자일리톨/구강 계열,구강 건강 관련 기능성원료로 분류,I0050,0.72,,"[""구강 건강""]"
프로폴리스망고스틴껍질복합물,구강 건강,자일리톨/구강 계열,구강 건강 관련 기능성원료로 분류,official,0.64,"복수 기능 후보: 구강 건강, 면역","[""구강 건강"", ""면역""]"
포도블루베리추출혼합분말(제2019-30호),기억력,포스파티딜세린/은행잎 계열,"(국문) 기억력 개선에 도움을 줄 수 있음
(영문) May help to improve memory",item_class,0.94,"(1) 영·유아, 어린이, 임산부 및 수유부는 섭취에 주의","[""기억력""]"
은행잎 추출물,기억력,포스파티딜세린/은행잎 계열,(1) 기능성 내용 : 기억력 개선･혈행 개선에 도움을 줄 수 있음,item_class,0.86,"복수 기능 후보: 기억력, 혈행 | (1) 임산부, 수유부, 어린이 및 수술전후 환자는 섭취에 주의","[""기억력"", ""혈행""]"
은행잎추출물,기억력,포스파티딜세린/은행잎 계열,기억력 관련 기능성원료로 분류,"official, rule, curated",0.64,"복수 기능 후보: 기억력, 혈행","[""기억력"", ""혈행""]"
포스파티딜세린(LECI-PS 90 PN IP),기억력,포스파티딜세린/은행잎 계열,기억력 관련 기능성원료로 분류,"official, rule",0.64,"복수 기능 후보: 기억력, 인지력","[""기억력"", ""인지력""]"
APIC 대두배아열수추출물등 복합물,기타,,,"official, rule",0.25,명확한 기능성 문구를 찾지 못해 기타로 분류,[]
Akkermansia muciniphila EB-AMDK19 열처리배양건조물,기타,,,"official, rule",0.25,명확한 기능성 문구를 찾지 못해 기타로 분류,[]
Akkermansia muciniphila HB05 열처리배양건조물(HB05P),기타,,,"official, rule",0.25,명확한 기능성 문구를 찾지 못해 기타로 분류,[]
B. breve IDCC 4401 열처리배양건조물(BB,기타,,,"official, rule",0.25,명확한 기능성 문구를 찾지 못해 기타로 분류,[]
BT-11원지추출분말,기타,,,"official, rule",0.25,명확한 기능성 문구를 찾지 못해 기타로 분류,[]
BT-11원지추출분말(기능성원료인정제2009-12호),기타,,,I0050,0.25,명확한 기능성 문구를 찾지 못해 기타로 분류,[]
CJ식물성유지 디글리세라이드(DG),기타,,,"official, rule",0.25,명확한 기능성 문구를 찾지 못해 기타로 분류,[]
CMO 함유 FAC(Fatty Acid Complex),기타,,,"official, rule",0.25,명확한 기능성 문구를 찾지 못해 기타로 분류,[]
Ca-PGA,기타,,,official,0.25,명확한 기능성 문구를 찾지 못해 기타로 분류,[]
CaHMB(Calcium β-Hydroxy-β-methylbutyrate),기타,,,"official, rule",0.25,명확한 기능성 문구를 찾지 못해 기타로 분류,[]
Dimethylsulfone (MSM),기타,,,"official, rule",0.25,명확한 기능성 문구를 찾지 못해 기타로 분류,[]
Dimethylsulfone(MSM),기타,,,"official, rule",0.25,명확한 기능성 문구를 찾지 못해 기타로 분류,[]
Enterococcus faecalis FK-23 효소 및 가열처리분말(LFK),기타,,,"official, rule",0.25,명확한 기능성 문구를 찾지 못해 기타로 분류,[]
Enterococcus faecalis 가열처리건조분말(기능성원료인정제2008-31호),기타,,,I0050,0.25,명확한 기능성 문구를 찾지 못해 기타로 분류,[]
Enterococcus faecalis 가열처리건조분말(제2008-31호),기타,,꽃가루에 의해 나타나는 코막힘의 개선에 도움,item_class,0.25,명확한 기능성 문구를 찾지 못해 기타로 분류,[]
FK-23(Enterococcus faecalis 가열처리 건조분말),기타,,,"official, rule",0.25,명확한 기능성 문구를 찾지 못해 기타로 분류,[]
FloraGLO Lutein(20% liquid in safflower oil),기타,,,"official, rule",0.25,명확한 기능성 문구를 찾지 못해 기타로 분류,[]
Green Mate Extract EFLA 920(기능성원료인정제2010-7호),기타,,,I0050,0.25,명확한 기능성 문구를 찾지 못해 기타로 분류,[]
Green Mate Extract EFLA® 920,기타,,,"official, rule",0.25,명확한 기능성 문구를 찾지 못해 기타로 분류,[]
HK표고버섯균사체,기타,,,"official, rule",0.25,명확한 기능성 문구를 찾지 못해 기타로 분류,[]
L-글루타민,기타,,,"official, rule",0.25,명확한 기능성 문구를 찾지 못해 기타로 분류,[]
L-글루타민(기능성원료인정제2008-7호),기타,,,I0050,0.25,명확한 기능성 문구를 찾지 못해 기타로 분류,[]
L-글루탐산발효 가바분말,기타,,,"official, rule",0.25,명확한 기능성 문구를 찾지 못해 기타로 분류,[]
L-글루탐산발효 가바분말(기능성원료인정제2022-19호),기타,,,I0050,0.25,명확한 기능성 문구를 찾지 못해 기타로 분류,[]
L-아르기닌,기타,,,"official, rule",0.25,명확한 기능성 문구를 찾지 못해 기타로 분류,[]
L-아르기닌(기능성원료인정제2015-19호),기타,,,I0050,0.25,명확한 기능성 문구를 찾지 못해 기타로 분류,[]
L. rhamnosus IDCC 3201 열처리배양건조물(RHT®),기타,,,"official, rule",0.25,명확한 기능성 문구를 찾지 못해 기타로 분류,[]
L.plantarum IM76과 B.longum IM55복합물(NVP1703),기타,,,"official, rule",0.25,명확한 기능성 문구를 찾지 못해 기타로 분류,[]
Lacticaseibacillus paracasei subsp. paracasei 327(K-1) 열처리배양건조물,기타,,,"official, rule",0.25,명확한 기능성 문구를 찾지 못해 기타로 분류,[]
Lactobacillus acidophilus YT1,기타,,,official,0.25,명확한 기능성 문구를 찾지 못해 기타로 분류,[]
Lactobacillus gasseri BNR17,기타,,,official,0.25,명확한 기능성 문구를 찾지 못해 기타로 분류,[]
Lactobacillus plantarum Q180,기타,,,official,0.25,명확한 기능성 문구를 찾지 못해 기타로 분류,[]
Lactobacillus sakei Probio65,기타,,,official,0.25,명확한 기능성 문구를 찾지 못해 기타로 분류,[]
Latilactobacillus sakei K040706 열처리배양건조물(노바사케이),기타,,,"official, rule",0.25,명확한 기능성 문구를 찾지 못해 기타로 분류,[]
MR-10 민들레등복합추출물,기타,,,"official, rule",0.25,명확한 기능성 문구를 찾지 못해 기타로 분류,[]
MS-10 엉겅퀴등복합추출물,기타,,,"official, rule",0.25,명확한 기능성 문구를 찾지 못해 기타로 분류,[]
Methyl Slufonyl Methane(MSM),기타,,,"official, rule",0.25,명확한 기능성 문구를 찾지 못해 기타로 분류,[]
same_function_only,기타,,,unknown,0.25,명확한 기능성 문구를 찾지 못해 기타로 분류,[]
가시오가피숙지황복합추출물,기타,,,"official, rule",0.25,명확한 기능성 문구를 찾지 못해 기타로 분류,[]
가시오갈피 등 복합추출물,기타,,,"official, rule",0.25,명확한 기능성 문구를 찾지 못해 기타로 분류,[]
가자추출물(AyuFlex®),기타,,,"official, rule",0.25,명확한 기능성 문구를 찾지 못해 기타로 분류,[]
감잎주정추출분말,기타,,,"official, rule",0.25,명확한 기능성 문구를 찾지 못해 기타로 분류,[]
강황 추출물(터마신),기타,,,"official, rule",0.25,명확한 기능성 문구를 찾지 못해 기타로 분류,[]
강황추출물,기타,,,"official, rule",0.25,명확한 기능성 문구를 찾지 못해 기타로 분류,[]
계피추출분말,기타,,,"official, rule",0.25,명확한 기능성 문구를 찾지 못해 기타로 분류,[]
곤약감자추출분말,기타,,,"official, rule",0.25,명확한 기능성 문구를 찾지 못해 기타로 분류,[]
곰피추출물,기타,,,"official, rule",0.25,명확한 기능성 문구를 찾지 못해 기타로 분류,[]
구기자나무뿌리껍질추출분말,기타,,,"official, rule",0.25,명확한 기능성 문구를 찾지 못해 기타로 분류,[]
구기자추출물,기타,,,"official, rule",0.25,명확한 기능성 문구를 찾지 못해 기타로 분류,[]
구아검가수분해물(Sunfiberr),기타,,,"official, rule",0.25,명확한 기능성 문구를 찾지 못해 기타로 분류,[]
구절초추출물(조인시스트),기타,,,"official, rule",0.25,명확한 기능성 문구를 찾지 못해 기타로 분류,[]
굴가수분해물,기타,,,official,0.25,명확한 기능성 문구를 찾지 못해 기타로 분류,[]
그린세라-F (인동덩굴꽃봉오리추출물),기타,,,"official, rule",0.25,명확한 기능성 문구를 찾지 못해 기타로 분류,[]
그린커피빈주정추출물,기타,,,"official, rule",0.25,명확한 기능성 문구를 찾지 못해 기타로 분류,[]
그린커피빈추출물,기타,,,"official, rule",0.25,명확한 기능성 문구를 찾지 못해 기타로 분류,[]
그린커피빈추출물(기능성원료인정제2014-31호),기타,,,I0050,0.25,명확한 기능성 문구를 찾지 못해 기타로 분류,[]
글로빈 가수분해물,기타,,,official,0.25,명확한 기능성 문구를 찾지 못해 기타로 분류,[]
금사상황버섯,기타,,,official,0.25,명확한 기능성 문구를 찾지 못해 기타로 분류,[]
기장밀추출복합물(KeranatTM),기타,,,"official, rule",0.25,명확한 기능성 문구를 찾지 못해 기타로 분류,[]
까마귀쪽나무 열매 주정추출물,기타,,,"official, rule",0.25,명확한 기능성 문구를 찾지 못해 기타로 분류,[]
깻잎추출물(PF501),기타,,,"official, rule",0.25,명확한 기능성 문구를 찾지 못해 기타로 분류,[]
꾸지뽕잎추출물,기타,,,"official, rule",0.25,명확한 기능성 문구를 찾지 못해 기타로 분류,[]
꾸지뽕잎추출물(기능성원료인정제2021-16호),기타,,,I0050,0.25,명확한 기능성 문구를 찾지 못해 기타로 분류,[]
꾸지뽕잎추출물(제2021-16호),기타,,(국문) 위 불편감 개선에 도움을 줄 수 있음 (영문) May help to reduce stomach discomfort,item_class,0.25,"명확한 기능성 문구를 찾지 못해 기타로 분류 | (1) 영·유아, 어린이, 임산부 및 수유부는 섭취에 주의 (2) 특정질환(알레르기 체질 등)이 있는 분은 섭취에 주의 (3) 이상사례 발생 시 섭취를 중단하고 전문가와 상담할 것",[]
끼꼬망 포도종자추출물,기타,,,"official, rule",0.25,명확한 기능성 문구를 찾지 못해 기타로 분류,[]
나한과박추출분말(DKB131),기타,,,"official, rule",0.25,명확한 기능성 문구를 찾지 못해 기타로 분류,[]
난각막가수분해물(NEM®),기타,,,"official, rule",0.25,명확한 기능성 문구를 찾지 못해 기타로 분류,[]
난각막분말(DEMR),기타,,,"official, rule",0.25,명확한 기능성 문구를 찾지 못해 기타로 분류,[]
녹각효소분해추출물HP(NP-2007),기타,,,"official, rule",0.25,명확한 기능성 문구를 찾지 못해 기타로 분류,[]
다래추출물,기타,,,"official, rule",0.25,명확한 기능성 문구를 찾지 못해 기타로 분류,[]
다래추출물(기능성원료인정제2009-18호),기타,,,I0050,0.25,명확한 기능성 문구를 찾지 못해 기타로 분류,[]
다이크로스타키스 글로메라타 추출물(Dyglomera),기타,,,"official, rule",0.25,명확한 기능성 문구를 찾지 못해 기타로 분류,[]
다이크로스타키스 글로메라타 추출물(Dyglomera®),기타,,,"official, rule",0.25,명확한 기능성 문구를 찾지 못해 기타로 분류,[]
단삼주정추출분말,기타,,,"official, rule",0.25,명확한 기능성 문구를 찾지 못해 기타로 분류,[]
단삼주정추출분말(SAGX),기타,,,"official, rule",0.25,명확한 기능성 문구를 찾지 못해 기타로 분류,[]
닭가슴연골분말(UC-II),기타,,,"official, rule",0.25,명확한 기능성 문구를 찾지 못해 기타로 분류,[]
닭가슴연골분말(UC-II)(기능성원료인정제2014-39호),기타,,,I0050,0.25,명확한 기능성 문구를 찾지 못해 기타로 분류,[]
당귀등추출복합물,기타,,,official,0.25,명확한 기능성 문구를 찾지 못해 기타로 분류,[]
당귤농축분말(ROCH),기타,,,"official, rule",0.25,명확한 기능성 문구를 찾지 못해 기타로 분류,[]
당조고추건조분말,기타,,,"official, rule",0.25,명확한 기능성 문구를 찾지 못해 기타로 분류,[]
대두올리고당,기타,,,official,0.25,명확한 기능성 문구를 찾지 못해 기타로 분류,[]
대두추출물등 복합물(메노세라),기타,,,"official, rule",0.25,명확한 기능성 문구를 찾지 못해 기타로 분류,[]
댕댕이나무열매(허니베리)추출분말,기타,,,"official, rule",0.25,명확한 기능성 문구를 찾지 못해 기타로 분류,[]
덖음귤피추출분말(JRC),기타,,,"official, rule",0.25,명확한 기능성 문구를 찾지 못해 기타로 분류,[]
도라지추출물,기타,,,"official, rule",0.25,명확한 기능성 문구를 찾지 못해 기타로 분류,[]
돈태반 발효추출물,기타,,,"official, rule",0.25,명확한 기능성 문구를 찾지 못해 기타로 분류,[]
돌외잎 추출물,기타,,,"official, rule",0.25,명확한 기능성 문구를 찾지 못해 기타로 분류,[]
돌외잎주정추출분말(액티포닌®),기타,,,"official, rule",0.25,명확한 기능성 문구를 찾지 못해 기타로 분류,[]
돌외잎주정추출분말(액티포닌®)(기능성원료인정제2013-8호),기타,,,I0050,0.25,명확한 기능성 문구를 찾지 못해 기타로 분류,[]
돌외잎추출물(기능성원료인정제2015-7호),기타,,,I0050,0.25,명확한 기능성 문구를 찾지 못해 기타로 분류,[]
동결건조누에분말,기타,,,"official, rule",0.25,명확한 기능성 문구를 찾지 못해 기타로 분류,[]
동충하초 발효 추출물(기능성원료인정제2011-16호),기타,,,I0050,0.25,명확한 기능성 문구를 찾지 못해 기타로 분류,[]
동충하초 주정추출물,기타,,,"official, rule",0.25,명확한 기능성 문구를 찾지 못해 기타로 분류,[]
두충우슬추출복합물(KGC08EA),기타,,,"official, rule",0.25,명확한 기능성 문구를 찾지 못해 기타로 분류,[]
들쭉열매추출물,기타,,,"official, rule",0.25,명확한 기능성 문구를 찾지 못해 기타로 분류,[]
라임과피추출물,기타,,,"official, rule",0.25,명확한 기능성 문구를 찾지 못해 기타로 분류,[]
라임카카오추출복합물,기타,,,official,0.25,명확한 기능성 문구를 찾지 못해 기타로 분류,[]
락추로스 파우더(Lactulose Powder)(기능성원료인정제2009-40호),기타,,,I0050,0.25,명확한 기능성 문구를 찾지 못해 기타로 분류,[]
레몬 밤 추출물 혼합분말,기타,,,"official, rule",0.25,명확한 기능성 문구를 찾지 못해 기타로 분류,[]
레몬 밤 추출물 혼합분말(기능성원료인정제2010-24호),기타,,,I0050,0.25,명확한 기능성 문구를 찾지 못해 기타로 분류,[]
레몬밤민들레추출복합물(LD100),기타,,,"official, rule",0.25,명확한 기능성 문구를 찾지 못해 기타로 분류,[]
레몬버베나추출물,기타,,,"official, rule",0.25,명확한 기능성 문구를 찾지 못해 기타로 분류,[]
레몬버베나추출물 등 복합물,기타,,,"official, rule",0.25,명확한 기능성 문구를 찾지 못해 기타로 분류,[]
레몬버베나추출물 등 복합물 (티에뜨레®),기타,,,"official, rule",0.25,명확한 기능성 문구를 찾지 못해 기타로 분류,[]
로즈마리자몽추출복합물,기타,,,official,0.25,명확한 기능성 문구를 찾지 못해 기타로 분류,[]
로즈마리추출물등복합물(SunMax),기타,,,"official, rule",0.25,명확한 기능성 문구를 찾지 못해 기타로 분류,[]
로즈힙 분말,기타,,,"official, rule",0.25,명확한 기능성 문구를 찾지 못해 기타로 분류,[]
로즈힙분말,기타,,,"official, rule",0.25,명확한 기능성 문구를 찾지 못해 기타로 분류,[]
루바브뿌리추출물,기타,,,"official, rule",0.25,명확한 기능성 문구를 찾지 못해 기타로 분류,[]
루바브뿌리추출물(ERr731R),기타,,,"official, rule",0.25,명확한 기능성 문구를 찾지 못해 기타로 분류,[]
리스펙타(RespectaR) [프로바이오틱스 등복합물],기타,,,"official, rule, curated",0.25,명확한 기능성 문구를 찾지 못해 기타로 분류,[]
리스펙타(Respecta®)[프로바이오틱스 등 복합물](기능성원료인정제2019-26호),기타,,,I0050,0.25,명확한 기능성 문구를 찾지 못해 기타로 분류,[]
마그나스표고균사체추출물분말,기타,,,"official, rule",0.25,명확한 기능성 문구를 찾지 못해 기타로 분류,[]
마르멜로추출물,기타,,,"official, rule",0.25,명확한 기능성 문구를 찾지 못해 기타로 분류,[]
마카 젤라틴화 분말,기타,,,"official, rule",0.25,명확한 기능성 문구를 찾지 못해 기타로 분류,[]
마카 젤라틴화 분말(기능성원료인정제2011-7호),기타,,,I0050,0.25,명확한 기능성 문구를 찾지 못해 기타로 분류,[]
마테열수추출물,기타,,,"official, rule",0.25,명확한 기능성 문구를 찾지 못해 기타로 분류,[]
매스틱 검,기타,,,official,0.25,명확한 기능성 문구를 찾지 못해 기타로 분류,[]
맥아구절초추출복합물,기타,,,official,0.25,명확한 기능성 문구를 찾지 못해 기타로 분류,[]
모로오렌지추출분말(Morosil®),기타,,,"official, rule",0.25,명확한 기능성 문구를 찾지 못해 기타로 분류,[]
목천료추출분말,기타,,,"official, rule",0.25,명확한 기능성 문구를 찾지 못해 기타로 분류,[]
무화과페이스트,기타,,,official,0.25,명확한 기능성 문구를 찾지 못해 기타로 분류,[]
미강주정추출물,기타,,,"official, rule",0.25,명확한 기능성 문구를 찾지 못해 기타로 분류,[]
미배아발효분말,기타,,,"official, rule",0.25,명확한 기능성 문구를 찾지 못해 기타로 분류,[]
민들레 등 추출복합물,기타,,,official,0.25,명확한 기능성 문구를 찾지 못해 기타로 분류,[]
민들레 등 추출복합물(기능성원료인정제2012-12호),기타,,,I0050,0.25,명확한 기능성 문구를 찾지 못해 기타로 분류,[]
"밀 추출물(Ceratiq, 세라티크)",기타,,,"official, rule",0.25,명확한 기능성 문구를 찾지 못해 기타로 분류,[]
밀배유추출물,기타,,,"official, rule",0.25,명확한 기능성 문구를 찾지 못해 기타로 분류,[]
밀배유추출물(기능성원료인정제2015-18호),기타,,,I0050,0.25,명확한 기능성 문구를 찾지 못해 기타로 분류,[]
바이오게르마늄 효모,기타,,,official,0.25,명확한 기능성 문구를 찾지 못해 기타로 분류,[]
바이오게르마늄 효모(기능성원료인정New제2007-15호),기타,,,I0050,0.25,명확한 기능성 문구를 찾지 못해 기타로 분류,[]
발아발효콩추출물,기타,,,"official, rule",0.25,명확한 기능성 문구를 찾지 못해 기타로 분류,[]
발효우슬등복합물,기타,,,official,0.25,명확한 기능성 문구를 찾지 못해 기타로 분류,[]
발효울금,기타,,,official,0.25,명확한 기능성 문구를 찾지 못해 기타로 분류,[]
발효율피추출분말,기타,,,"official, rule",0.25,명확한 기능성 문구를 찾지 못해 기타로 분류,[]
배초향 추출물 (Agatri®),기타,,,"official, rule",0.25,명확한 기능성 문구를 찾지 못해 기타로 분류,[]
배초향·고지베리·무화과복합추출물,기타,,,"official, rule",0.25,명확한 기능성 문구를 찾지 못해 기타로 분류,[]
백편두추출분말(NOVAponinR),기타,,,"official, rule",0.25,명확한 기능성 문구를 찾지 못해 기타로 분류,[]
병풀추출분말,기타,,,"official, rule",0.25,명확한 기능성 문구를 찾지 못해 기타로 분류,[]
보리수나무열매추출물(Elaea),기타,,,"official, rule",0.25,명확한 기능성 문구를 찾지 못해 기타로 분류,[]
보이차 추출물,기타,,,"official, rule",0.25,명확한 기능성 문구를 찾지 못해 기타로 분류,[]
보이차추출물,기타,,,"official, rule",0.25,명확한 기능성 문구를 찾지 못해 기타로 분류,[]
복분자 추출물(RE-20),기타,,,"official, rule",0.25,명확한 기능성 문구를 찾지 못해 기타로 분류,[]
복분자 추출물(RE-20)(기능성원료인정제2021-2호),기타,,,I0050,0.25,명확한 기능성 문구를 찾지 못해 기타로 분류,[]
복분자추출물(RE-20),기타,,,"official, rule",0.25,명확한 기능성 문구를 찾지 못해 기타로 분류,[]
복분자추출분말,기타,,,"official, rule",0.25,명확한 기능성 문구를 찾지 못해 기타로 분류,[]
블랙라즈베리 추출물,기타,,,"official, rule",0.25,명확한 기능성 문구를 찾지 못해 기타로 분류,[]
블랙커민추출물(FJ),기타,,,"official, rule",0.25,명확한 기능성 문구를 찾지 못해 기타로 분류,[]
비수리추출분말,기타,,,"official, rule",0.25,명확한 기능성 문구를 찾지 못해 기타로 분류,[]
비즈왁스알코올,기타,,,official,0.25,명확한 기능성 문구를 찾지 못해 기타로 분류,[]
비파엽추출물,기타,,,"official, rule",0.25,명확한 기능성 문구를 찾지 못해 기타로 분류,[]
빌베리 추출물(기능성원료인정제2018-2호),기타,,,I0050,0.25,명확한 기능성 문구를 찾지 못해 기타로 분류,[]
빌베리주정추출물,기타,,,"official, rule",0.25,명확한 기능성 문구를 찾지 못해 기타로 분류,[]
빌베리추출물,기타,,,"official, rule",0.25,명확한 기능성 문구를 찾지 못해 기타로 분류,[]
뽕나무가지주정추출분말,기타,,,"official, rule",0.25,명확한 기능성 문구를 찾지 못해 기타로 분류,[]
사군자추출분말,기타,,,"official, rule",0.25,명확한 기능성 문구를 찾지 못해 기타로 분류,[]
사삼추출물,기타,,,"official, rule",0.25,명확한 기능성 문구를 찾지 못해 기타로 분류,[]
사탕수수왁스알코올(폴리코사놀),기타,,,"official, rule",0.25,명확한 기능성 문구를 찾지 못해 기타로 분류,[]
사프란추출물(AffronR),기타,,,"official, rule",0.25,명확한 기능성 문구를 찾지 못해 기타로 분류,[]
산딸기·왕느릅나무·치자추출복합물,기타,,,official,0.25,명확한 기능성 문구를 찾지 못해 기타로 분류,[]
산수유추출물등복합물(리베스틴®),기타,,,"official, rule",0.25,명확한 기능성 문구를 찾지 못해 기타로 분류,[]
살라시아레티큘라타추출물,기타,,,"official, rule",0.25,명확한 기능성 문구를 찾지 못해 기타로 분류,[]
삼백초추출물(LHF618),기타,,,"official, rule",0.25,명확한 기능성 문구를 찾지 못해 기타로 분류,[]
삽주추출분말,기타,,,"official, rule",0.25,명확한 기능성 문구를 찾지 못해 기타로 분류,[]
상엽추출물,기타,,,"official, rule",0.25,명확한 기능성 문구를 찾지 못해 기타로 분류,[]
상추추출물,기타,,,"official, rule",0.25,명확한 기능성 문구를 찾지 못해 기타로 분류,[]
상황버섯등 추출복합물,기타,,,official,0.25,명확한 기능성 문구를 찾지 못해 기타로 분류,[]
새싹보리추출물(Rexcliver®),기타,,,"official, rule",0.25,명확한 기능성 문구를 찾지 못해 기타로 분류,[]
서목태(쥐눈이콩)펩타이드,기타,,,"official, rule",0.25,명확한 기능성 문구를 찾지 못해 기타로 분류,[]
서목태추출물,기타,,,"official, rule",0.25,명확한 기능성 문구를 찾지 못해 기타로 분류,[]
섬쑥부쟁이추출분말,기타,,,"official, rule",0.25,명확한 기능성 문구를 찾지 못해 기타로 분류,[]
세리포리아 락세라타 균사체 배양물,기타,,,official,0.25,명확한 기능성 문구를 찾지 못해 기타로 분류,[]
소나무껍질추출물등복합물,기타,,,"official, rule",0.25,명확한 기능성 문구를 찾지 못해 기타로 분류,[]
솔잎 증류 농축액,기타,,,"official, rule",0.25,명확한 기능성 문구를 찾지 못해 기타로 분류,[]
솔잎 증류 농축액(기능성원료인정제2012-30호),기타,,,I0050,0.25,명확한 기능성 문구를 찾지 못해 기타로 분류,[]
솔잎증류농축액,기타,,,"official, rule",0.25,명확한 기능성 문구를 찾지 못해 기타로 분류,[]
솔잎증류농축액(기능성원료인정제2007-8호),기타,,,I0050,0.25,명확한 기능성 문구를 찾지 못해 기타로 분류,[]
쇠비름주정추출분말(KDC16-2),기타,,,"official, rule",0.25,명확한 기능성 문구를 찾지 못해 기타로 분류,[]
수국잎열수추출물,기타,,,"official, rule",0.25,명확한 기능성 문구를 찾지 못해 기타로 분류,[]
수국잎열수추출물(기능성원료인정제2020-8호),기타,,,I0050,0.25,명확한 기능성 문구를 찾지 못해 기타로 분류,[]
수국잎열수추출물(리세린지®),기타,,,"official, rule",0.25,명확한 기능성 문구를 찾지 못해 기타로 분류,[]
수용화 코큐텐 분말 ALL-Q,기타,,,"official, rule",0.25,명확한 기능성 문구를 찾지 못해 기타로 분류,[]
스페인감초추출물,기타,,,"official, rule",0.25,명확한 기능성 문구를 찾지 못해 기타로 분류,[]
스피루리나원말,기타,,,official,0.25,명확한 기능성 문구를 찾지 못해 기타로 분류,[]
스피루리나추출물(SM70EE),기타,,,"official, rule",0.25,명확한 기능성 문구를 찾지 못해 기타로 분류,[]
시서스추출물,기타,,,"official, rule",0.25,명확한 기능성 문구를 찾지 못해 기타로 분류,[]
식물스타놀 에스테르,기타,,,official,0.25,명확한 기능성 문구를 찾지 못해 기타로 분류,[]
식물스타놀에스테르,기타,,,official,0.25,명확한 기능성 문구를 찾지 못해 기타로 분류,[]
쌀겨추출물,기타,,,"official, rule",0.25,명확한 기능성 문구를 찾지 못해 기타로 분류,[]
쏘우팔메토열매추출물(SAW PALMETTO EXTRACT OIL),기타,,,"official, rule",0.25,명확한 기능성 문구를 찾지 못해 기타로 분류,[]
쑥부쟁이 추출 분말,기타,,,"official, rule",0.25,명확한 기능성 문구를 찾지 못해 기타로 분류,[]
쑥부쟁이추출분말,기타,,,"official, rule",0.25,명확한 기능성 문구를 찾지 못해 기타로 분류,[]
씨제이 히비스커스 등 복합추출물,기타,,,"official, rule",0.25,명확한 기능성 문구를 찾지 못해 기타로 분류,[]
아마인,기타,,,official,0.25,명확한 기능성 문구를 찾지 못해 기타로 분류,[]
아쉬아간다 추출물,기타,,,"official, rule",0.25,명확한 기능성 문구를 찾지 못해 기타로 분류,[]
아쉬아간다 추출물(ShodenR),기타,,,"official, rule",0.25,명확한 기능성 문구를 찾지 못해 기타로 분류,[]
아쉬아간다추출물(KSM-66®),기타,,,"official, rule",0.25,명확한 기능성 문구를 찾지 못해 기타로 분류,[]
아쉬아간다추출물(Sensoril®),기타,,,"official, rule",0.25,명확한 기능성 문구를 찾지 못해 기타로 분류,[]
아프리카망고 종자추출물(IGOB131),기타,,,"official, rule",0.25,명확한 기능성 문구를 찾지 못해 기타로 분류,[]
액상 다래추출물(기능성원료인정제2009-58호),기타,,,I0050,0.25,명확한 기능성 문구를 찾지 못해 기타로 분류,[]
액상다래추출물,기타,,,"official, rule",0.25,명확한 기능성 문구를 찾지 못해 기타로 분류,[]
양춘사추출물,기타,,,"official, rule",0.25,명확한 기능성 문구를 찾지 못해 기타로 분류,[]
에키네시아추출물,기타,,,"official, rule",0.25,명확한 기능성 문구를 찾지 못해 기타로 분류,[]
연어이리추출물(DOTTM연어핵산),기타,,,"official, rule",0.25,명확한 기능성 문구를 찾지 못해 기타로 분류,[]
연어코연골추출물,기타,,,"official, rule",0.25,명확한 기능성 문구를 찾지 못해 기타로 분류,[]
연어펩타이드,기타,,,official,0.25,명확한 기능성 문구를 찾지 못해 기타로 분류,[]
영지버섯균사체추출분말,기타,,,"official, rule",0.25,명확한 기능성 문구를 찾지 못해 기타로 분류,[]
오가피열매50%주정추출물건조엑스,기타,,,"official, rule",0.25,명확한 기능성 문구를 찾지 못해 기타로 분류,[]
오메가-3 지방산 함유 유지,기타,,,"official, rule",0.25,명확한 기능성 문구를 찾지 못해 기타로 분류,[]
오메가-3 지방산 함유 유지(기능성원료인정제2014-36호),기타,,,I0050,0.25,명확한 기능성 문구를 찾지 못해 기타로 분류,[]
오메가-3 지방산 함유유지,기타,,,"official, rule",0.25,명확한 기능성 문구를 찾지 못해 기타로 분류,[]
오미자·두충·구기자추출복합물,기타,,,official,0.25,명확한 기능성 문구를 찾지 못해 기타로 분류,[]
오미자박추출물,기타,,,"official, rule",0.25,명확한 기능성 문구를 찾지 못해 기타로 분류,[]
오미자추출대두복합물,기타,,,official,0.25,명확한 기능성 문구를 찾지 못해 기타로 분류,[]
오미자추출물,기타,,,"official, rule",0.25,명확한 기능성 문구를 찾지 못해 기타로 분류,[]
옥수수배아추출물,기타,,,"official, rule",0.25,명확한 기능성 문구를 찾지 못해 기타로 분류,[]
옥수수배아추출물(기능성원료인정제2014-8호),기타,,,I0050,0.25,명확한 기능성 문구를 찾지 못해 기타로 분류,[]
옥수수수염.레몬밤추출복합물(CL-5MoA),기타,,,"official, rule",0.25,명확한 기능성 문구를 찾지 못해 기타로 분류,[]
옥수수수염추출물등 복합물 (CL-5MoA),기타,,,"official, rule",0.25,명확한 기능성 문구를 찾지 못해 기타로 분류,[]
옻나무 추출분말,기타,,,"official, rule",0.25,명확한 기능성 문구를 찾지 못해 기타로 분류,[]
와사비잎추출물(NCWL01),기타,,,"official, rule",0.25,명확한 기능성 문구를 찾지 못해 기타로 분류,[]
와일드망고 종자추출물,기타,,,"official, rule",0.25,명확한 기능성 문구를 찾지 못해 기타로 분류,[]
우뭇가사리추출물,기타,,,"official, rule",0.25,명확한 기능성 문구를 찾지 못해 기타로 분류,[]
우슬 등 복합물(HL-Joint100),기타,,,"official, rule",0.25,명확한 기능성 문구를 찾지 못해 기타로 분류,[]
유니벡스대나무잎추출물,기타,,,"official, rule",0.25,명확한 기능성 문구를 찾지 못해 기타로 분류,[]
유단백가수분해물(락티움),기타,,,"official, rule",0.25,명확한 기능성 문구를 찾지 못해 기타로 분류,[]
유단백가수분해물(락티움)(기능성원료인정제2020-2호),기타,,,I0050,0.25,명확한 기능성 문구를 찾지 못해 기타로 분류,[]
유단백추출물,기타,,,"official, rule",0.25,명확한 기능성 문구를 찾지 못해 기타로 분류,[]
유단백추출물(기능성원료인정제2015-16호),기타,,,I0050,0.25,명확한 기능성 문구를 찾지 못해 기타로 분류,[]
유비퀴놀(Ubiquinol),기타,,,"official, rule",0.25,명확한 기능성 문구를 찾지 못해 기타로 분류,[]
유청단백지질추출물,기타,,,"official, rule",0.25,명확한 기능성 문구를 찾지 못해 기타로 분류,[]
유크림농축분말,기타,,,"official, rule",0.25,명확한 기능성 문구를 찾지 못해 기타로 분류,[]
이소말토올리고당,기타,,,"official, curated",0.25,명확한 기능성 문구를 찾지 못해 기타로 분류,[]
인동덩굴꽃봉오리추출물(그린세라-F)(제2019-14호),기타,,"(국문) 위 점막을 보호하여 위 건강에 도움을 줄 수 있음
(영문) May help to maintain healthy stomach by protecting gastric mucosa",item_class,0.25,"명확한 기능성 문구를 찾지 못해 기타로 분류 | -영·유아, 어린이, 임산부 및 수유부는 섭취에 주의",[]
인디안구스베리·새싹보리추출복합물(IB Complex),기타,,,"official, rule",0.25,명확한 기능성 문구를 찾지 못해 기타로 분류,[]
자몽추출물등 복합물(Sinetrol),기타,,,"official, rule",0.25,명확한 기능성 문구를 찾지 못해 기타로 분류,[]
자일로올리고당(xylooligosaccharide) 분말,기타,,,"official, rule, curated",0.25,명확한 기능성 문구를 찾지 못해 기타로 분류,[]
자일로올리고당(xylooligosaccharide) 분말(기능성원료인정제2009-80호),기타,,,I0050,0.25,명확한 기능성 문구를 찾지 못해 기타로 분류,[]
작약추출물등복합물(HT074),기타,,,"official, rule",0.25,명확한 기능성 문구를 찾지 못해 기타로 분류,[]
장미꽃잎추출물(NOVAROSE®),기타,,,"official, rule",0.25,명확한 기능성 문구를 찾지 못해 기타로 분류,[]
저분자돈태반펩타이드,기타,,,official,0.25,명확한 기능성 문구를 찾지 못해 기타로 분류,[]
저분자유청단백가수분해물,기타,,,official,0.25,명확한 기능성 문구를 찾지 못해 기타로 분류,[]
저분자유청펩타이드,기타,,,official,0.25,명확한 기능성 문구를 찾지 못해 기타로 분류,[]
적포도발효농축액,기타,,,"official, rule",0.25,명확한 기능성 문구를 찾지 못해 기타로 분류,[]
전칠삼 추출물 등 복합물,기타,,,"official, rule",0.25,명확한 기능성 문구를 찾지 못해 기타로 분류,[]
전칠삼추출물 등 복합물,기타,,,"official, rule",0.25,명확한 기능성 문구를 찾지 못해 기타로 분류,[]
전호잎추출물,기타,,,"official, rule",0.25,명확한 기능성 문구를 찾지 못해 기타로 분류,[]
정어리펩타이드 SP100N(기능성원료인정제2004-1호),기타,,,I0050,0.25,명확한 기능성 문구를 찾지 못해 기타로 분류,[]
중쇄지방산(MCFA) 함유유지,기타,,,"official, rule",0.25,명확한 기능성 문구를 찾지 못해 기타로 분류,[]
증숙생강추출분말(GGE03),기타,,,"official, rule",0.25,명확한 기능성 문구를 찾지 못해 기타로 분류,[]
지각상엽추출혼합물,기타,,,official,0.25,명확한 기능성 문구를 찾지 못해 기타로 분류,[]
지방산복합물 FAC(Fatty Acid Complex),기타,,,"official, rule",0.25,명확한 기능성 문구를 찾지 못해 기타로 분류,[]
지초추출물,기타,,,"official, rule",0.25,명확한 기능성 문구를 찾지 못해 기타로 분류,[]
차즈기추출물,기타,,,"official, rule",0.25,명확한 기능성 문구를 찾지 못해 기타로 분류,[]
참깨박추출물,기타,,,"official, rule",0.25,명확한 기능성 문구를 찾지 못해 기타로 분류,[]
참나리추출분말,기타,,,"official, rule",0.25,명확한 기능성 문구를 찾지 못해 기타로 분류,[]
참당귀 추출분말(Nutragen),기타,,,"official, rule",0.25,명확한 기능성 문구를 찾지 못해 기타로 분류,[]
참당귀뿌리추출물(기능성원료인정제2004-6호),기타,,,I0050,0.25,명확한 기능성 문구를 찾지 못해 기타로 분류,[]
참당귀황기추출복합물(SHPro®),기타,,,"official, rule",0.25,명확한 기능성 문구를 찾지 못해 기타로 분류,[]
창녕양파추출액,기타,,,official,0.25,명확한 기능성 문구를 찾지 못해 기타로 분류,[]
창녕양파추출액(기능성원료인정제2010-38호),기타,,,I0050,0.25,명확한 기능성 문구를 찾지 못해 기타로 분류,[]
천마 등 복합추출물(HX106),기타,,,"official, rule",0.25,명확한 기능성 문구를 찾지 못해 기타로 분류,[]
천마추출물,기타,,,"official, rule",0.25,명확한 기능성 문구를 찾지 못해 기타로 분류,[]
천심련 추출물 (ParActin®),기타,,,"official, rule",0.25,명확한 기능성 문구를 찾지 못해 기타로 분류,[]
천심련추출물(ParActin®),기타,,,"official, rule",0.25,명확한 기능성 문구를 찾지 못해 기타로 분류,[]
청국장균배양정제물(폴리감마글루탐산칼륨),기타,,,"official, rule",0.25,명확한 기능성 문구를 찾지 못해 기타로 분류,[]
청호추출분말(리베라템),기타,,,"official, rule",0.25,명확한 기능성 문구를 찾지 못해 기타로 분류,[]
카카오분말,기타,,,"official, rule",0.25,명확한 기능성 문구를 찾지 못해 기타로 분류,[]
칸탈로프멜론추출물,기타,,,"official, rule",0.25,명확한 기능성 문구를 찾지 못해 기타로 분류,[]
칸탈로프멜론추출물(기능성원료인정제2008-9호),기타,,,I0050,0.25,명확한 기능성 문구를 찾지 못해 기타로 분류,[]
커피만노올리고당분말,기타,,,"official, rule",0.25,명확한 기능성 문구를 찾지 못해 기타로 분류,[]
커피만노올리고당분말(기능성원료인정제2009-15호),기타,,,I0050,0.25,명확한 기능성 문구를 찾지 못해 기타로 분류,[]
콜레우스 포스콜리 추출물,기타,,,"official, rule",0.25,명확한 기능성 문구를 찾지 못해 기타로 분류,[]
콜레우스 포스콜리 추출물 Forslean,기타,,,"official, rule",0.25,명확한 기능성 문구를 찾지 못해 기타로 분류,[]
콩.보리 발효복합물,기타,,,official,0.25,명확한 기능성 문구를 찾지 못해 기타로 분류,[]
콩발효추출물,기타,,,"official, rule",0.25,명확한 기능성 문구를 찾지 못해 기타로 분류,[]
콩발효추출물(기능성원료인정제2007-10호),기타,,,I0050,0.25,명확한 기능성 문구를 찾지 못해 기타로 분류,[]
콩발효추출물(기능성원료인정제2012-32호),기타,,,I0050,0.25,명확한 기능성 문구를 찾지 못해 기타로 분류,[]
크릴오일 (superba boost),기타,,,"official, rule",0.25,명확한 기능성 문구를 찾지 못해 기타로 분류,[]
크릴오일(FJH-KO),기타,,,"official, rule",0.25,명확한 기능성 문구를 찾지 못해 기타로 분류,[]
크릴오일등복합물(FlexPro MDR),기타,,,"official, rule",0.25,명확한 기능성 문구를 찾지 못해 기타로 분류,[]
키토산,기타,,,official,0.25,명확한 기능성 문구를 찾지 못해 기타로 분류,[]
키토올리고당,기타,,,official,0.25,명확한 기능성 문구를 찾지 못해 기타로 분류,[]
타가토스,기타,,,official,0.25,명확한 기능성 문구를 찾지 못해 기타로 분류,[]
타마린드강황주정추출복합물(TamaFlexR),기타,,,"official, rule",0.25,명확한 기능성 문구를 찾지 못해 기타로 분류,[]
타히보 추출물 (TabetriR),기타,,,"official, rule",0.25,명확한 기능성 문구를 찾지 못해 기타로 분류,[]
털부처꽃추출물,기타,,,"official, rule",0.25,명확한 기능성 문구를 찾지 못해 기타로 분류,[]
토치대두발효추출물,기타,,,"official, rule",0.25,명확한 기능성 문구를 찾지 못해 기타로 분류,[]
티아이소크라이시스루테아분말,기타,,,"official, rule",0.25,명확한 기능성 문구를 찾지 못해 기타로 분류,[]
파비플로라생강뿌리추출물,기타,,,"official, rule",0.25,명확한 기능성 문구를 찾지 못해 기타로 분류,[]
팔밋올레산 함유 명태(알래스카폴락)유래 정제어유,기타,,,"official, rule",0.25,명확한 기능성 문구를 찾지 못해 기타로 분류,[]
포도 종자 추출물,기타,,,"official, rule",0.25,명확한 기능성 문구를 찾지 못해 기타로 분류,[]
포도과피 효소발효추출물(KL-GEFE),기타,,,"official, rule",0.25,명확한 기능성 문구를 찾지 못해 기타로 분류,[]
포도블루베리추출혼합분말,기타,,,"official, rule",0.25,명확한 기능성 문구를 찾지 못해 기타로 분류,[]
포도씨 효소분해 추출 분말,기타,,,"official, rule",0.25,명확한 기능성 문구를 찾지 못해 기타로 분류,[]
포도잎추출물(HP-01),기타,,,"official, rule",0.25,명확한 기능성 문구를 찾지 못해 기타로 분류,[]
포도종자추출물(기능성원료인정제2005-9호),기타,,,I0050,0.25,명확한 기능성 문구를 찾지 못해 기타로 분류,[]
포도종자추출물(기능성원료인정제2008-42호),기타,,,I0050,0.25,명확한 기능성 문구를 찾지 못해 기타로 분류,[]
폴리감마글루탐산,기타,,① 체내 칼슘흡수 촉진에 도움을 줄 수 있음,item_class,0.25,명확한 기능성 문구를 찾지 못해 기타로 분류,[]
표고버섯균사체 AHCC,기타,,,"official, rule",0.25,명확한 기능성 문구를 찾지 못해 기타로 분류,[]
표고버섯균사체추출물(기능성원료인정제2008-23호),기타,,,I0050,0.25,명확한 기능성 문구를 찾지 못해 기타로 분류,[]
풋사과 농축분말(APPLOZINR),기타,,,"official, rule",0.25,명확한 기능성 문구를 찾지 못해 기타로 분류,[]
풋사과농축분말(APPLOZIN),기타,,,"official, rule",0.25,명확한 기능성 문구를 찾지 못해 기타로 분류,[]
풋사과추출물 애플페논(Applephenon),기타,,,"official, rule",0.25,명확한 기능성 문구를 찾지 못해 기타로 분류,[]
풋사과추출물 애플페논(Applephenon)(기능성원료인정제2021-6호),기타,,,I0050,0.25,명확한 기능성 문구를 찾지 못해 기타로 분류,[]
피니톨,기타,,,official,0.25,명확한 기능성 문구를 찾지 못해 기타로 분류,[]
피니톨 분말,기타,,,"official, rule",0.25,명확한 기능성 문구를 찾지 못해 기타로 분류,[]
피롤로퀴놀린퀴논이나트륨염(NOVAQ®),기타,,,"official, rule",0.25,명확한 기능성 문구를 찾지 못해 기타로 분류,[]
피브로인추출물 BF-7,기타,,,"official, rule",0.25,명확한 기능성 문구를 찾지 못해 기타로 분류,[]
피브로인추출물 BF-7(기능성원료인정제2009-46호),기타,,,I0050,0.25,명확한 기능성 문구를 찾지 못해 기타로 분류,[]
"피엘에이지(PLAG, 1-palmitoyl-2-linoleoyl-3-acetyl-rac-g",기타,,,"official, rule",0.25,명확한 기능성 문구를 찾지 못해 기타로 분류,[]
"피엘에이지(PLAG, 1-palmitoyl-2-linoleoyl-3-acetyl-rac-g)",기타,,,"official, rule",0.25,명확한 기능성 문구를 찾지 못해 기타로 분류,[]
피크노제놀-프랑스해안송껍질추출물,기타,,,"official, rule",0.25,명확한 기능성 문구를 찾지 못해 기타로 분류,[]
필수 지방산,기타,,(1) 필수지방산의 보충,item_class,0.25,명확한 기능성 문구를 찾지 못해 기타로 분류,[]
핑거루트추출물(판두라틴),기타,,,"official, rule",0.25,명확한 기능성 문구를 찾지 못해 기타로 분류,[]
핑거루트추출분말,기타,,,"official, rule",0.25,명확한 기능성 문구를 찾지 못해 기타로 분류,[]
한삼덩굴추출분말(HSy2),기타,,,"official, rule",0.25,명확한 기능성 문구를 찾지 못해 기타로 분류,[]
해국추출물,기타,,,"official, rule",0.25,명확한 기능성 문구를 찾지 못해 기타로 분류,[]
해바라기종자추출물,기타,,,"official, rule",0.25,명확한 기능성 문구를 찾지 못해 기타로 분류,[]
해태올리고펩타이드,기타,,,official,0.25,명확한 기능성 문구를 찾지 못해 기타로 분류,[]
허니부쉬추출발효분말,기타,,,"official, rule",0.25,명확한 기능성 문구를 찾지 못해 기타로 분류,[]
헤모힘 당귀등 혼합추출물,기타,,,"official, rule",0.25,명확한 기능성 문구를 찾지 못해 기타로 분류,[]
현삼추출물,기타,,,"official, rule",0.25,명확한 기능성 문구를 찾지 못해 기타로 분류,[]
호로파종자 등 추출복합물,기타,,,official,0.25,명확한 기능성 문구를 찾지 못해 기타로 분류,[]
호로파종자추출물,기타,,,"official, rule",0.25,명확한 기능성 문구를 찾지 못해 기타로 분류,[]
호박씨추출물 등 복합물,기타,,,"official, rule",0.25,명확한 기능성 문구를 찾지 못해 기타로 분류,[]
호프추출물,기타,,,"official, rule",0.25,명확한 기능성 문구를 찾지 못해 기타로 분류,[]
홀리바질추출물,기타,,,"official, rule",0.25,명확한 기능성 문구를 찾지 못해 기타로 분류,[]
홍경천추출물,기타,,,"official, rule",0.25,명확한 기능성 문구를 찾지 못해 기타로 분류,[]
황국(Aspergillus 발효물 MK01),기타,,,"official, rule",0.25,명확한 기능성 문구를 찾지 못해 기타로 분류,[]
황금등복합물,기타,,,official,0.25,명확한 기능성 문구를 찾지 못해 기타로 분류,[]
황금등복합물(기능성원료인정제2006-3호),기타,,,I0050,0.25,명확한 기능성 문구를 찾지 못해 기타로 분류,[]
황기추출물 등 복합물(HT042),기타,,,"official, rule",0.25,명확한 기능성 문구를 찾지 못해 기타로 분류,[]
황칠나무잎·줄기추출물,기타,,,"official, rule",0.25,명확한 기능성 문구를 찾지 못해 기타로 분류,[]
황해쑥추출분말,기타,,,"official, rule",0.25,명확한 기능성 문구를 찾지 못해 기타로 분류,[]
회화나무 열매 추출물,기타,,,"official, rule",0.25,명확한 기능성 문구를 찾지 못해 기타로 분류,[]
흑차추출물,기타,,,"official, rule",0.25,명확한 기능성 문구를 찾지 못해 기타로 분류,[]
흑효모배양액분말,기타,,,"official, rule",0.25,명확한 기능성 문구를 찾지 못해 기타로 분류,[]
흰목이버섯효소분해추출물(Neu learn),기타,,,"official, rule",0.25,명확한 기능성 문구를 찾지 못해 기타로 분류,[]
히드록시프로필메틸셀룰로오스,기타,,,official,0.25,명확한 기능성 문구를 찾지 못해 기타로 분류,[]
히드록시프로필메틸셀룰로오스(기능성원료인정제2014-12호),기타,,,I0050,0.25,명확한 기능성 문구를 찾지 못해 기타로 분류,[]
히알우론산 HA-LF-P,기타,,,"official, rule",0.25,명확한 기능성 문구를 찾지 못해 기타로 분류,[]
히알우론산나트륨,기타,,,official,0.25,명확한 기능성 문구를 찾지 못해 기타로 분류,[]
쏘팔메토 열매 추출물,남성 건강,전립선/남성 계열,①전립선 건강의 유지에 도움을 줄 수 있음,item_class,0.94,(가) 성인남성만 섭취할 것,"[""남성 건강""]"
두충우슬추출복합물(KGC08EA)(제2023-40호),남성 건강,전립선/남성 계열,"(국문) 갱년기 남성의 건강에 도움을 줄 수 있음
(영문) May help to maintain male health in menopause",item_class,0.86,"복수 기능 후보: 남성 건강, 여성 건강 | (1) 성인 남성만 섭취할 것","[""남성 건강"", ""여성 건강""]"
비수리추출분말(제2022-40호),남성 건강,전립선/남성 계열,"(국문) 갱년기 남성건강에 도움을 줄 수 있음
(영문) May help to maintain male health in menopause",item_class,0.86,"복수 기능 후보: 남성 건강, 여성 건강 | (1) 성인 남성만 섭취할 것","[""남성 건강"", ""여성 건강""]"
옥타코사놀 함유 유지,남성 건강,전립선/남성 계열,① 지구력 증진에 도움을 줄 수 있음,item_class,0.86,"복수 기능 후보: 남성 건강, 피로개선, 운동/근력","[""남성 건강"", ""피로개선"", ""운동/근력""]"
홍삼오일(KGC11o)(제2022-33호),남성 건강,전립선/남성 계열,"(국문) 전립선 건강의 유지에 도움을 줄 수 있음
(영문) May help to maintain healthy prostate",item_class,0.86,"복수 기능 후보: 남성 건강, 면역, 피로개선, 혈행 | (1) 성인 남성만 섭취할 것","[""남성 건강"", ""면역"", ""피로개선"", ""혈행""]"
녹용당귀등 복합추출물,남성 건강,전립선/남성 계열,남성 건강 관련 기능성원료로 분류,"official, rule",0.72,,"[""남성 건강""]"
녹용효소분해추출물(HENKIVR),남성 건강,전립선/남성 계열,남성 건강 관련 기능성원료로 분류,"official, rule",0.72,,"[""남성 건강""]"
쏘팔메토 (Saw Palmetto) 열매 추출물,남성 건강,전립선/남성 계열,남성 건강 관련 기능성원료로 분류,"official, rule, curated",0.72,,"[""남성 건강""]"
쏘팔메토 열매추출물,남성 건강,전립선/남성 계열,남성 건강 관련 기능성원료로 분류,"official, rule, curated",0.72,,"[""남성 건강""]"
참당귀·녹용·황기 복합추출물,남성 건강,전립선/남성 계열,남성 건강 관련 기능성원료로 분류,"official, rule",0.72,,"[""남성 건강""]"
녹용유산균발효분말,남성 건강,전립선/남성 계열,남성 건강 관련 기능성원료로 분류,"official, rule",0.64,"복수 기능 후보: 남성 건강, 장 건강","[""남성 건강"", ""장 건강""]"
마리골드꽃주정추출물(지아잔틴함유)(제2025-70호),눈 건강,루테인/지아잔틴 계열,「건강기능식품의 기준 및 규격」제3.2.2-26 마리골드꽃추출물에 따름,item_class,0.94,「건강기능식품의 기준 및 규격」제3.2.2-26 마리골드꽃추출물에 따름,"[""눈 건강""]"
마리골드꽃추출물,눈 건강,루테인/지아잔틴 계열,(1) 노화로 인해 감소될 수 있는 황반색소밀도를 유지하여 눈 건강에 도움을 줄 수 있음,item_class,0.94,"(가) 영‧유아, 어린이, 임산부 및 수유부는 섭취를 피할 것","[""눈 건강""]"
마리골드꽃추출물(지아잔틴함유)(제2024-25호),눈 건강,루테인/지아잔틴 계열,「건강기능식품의 기준 및 규격」제3.2.2-26 마리골드꽃추출물에 따름,item_class,0.94,「건강기능식품의 기준 및 규격」제3.2.2-26 마리골드꽃추출물에 따름,"[""눈 건강""]"
티아이소크라이시스루테아분말(제2025-9호),눈 건강,루테인/지아잔틴 계열,"(국문) 건조한 눈을 개선하여 눈 건강에 도움을 줄 수 있음
(영문) May help to maintain eyes healthy by relieving dryness",item_class,0.94,"(1) 영유아, 어린이, 임산부 및 수유부는 섭취를 피할 것","[""눈 건강""]"
베타카로틴,눈 건강,루테인/지아잔틴 계열,"(1) 어두운 곳에서 시각 적응을 위해 필요
(2) 피부와 점막을 형성하고 기능을 유지하는데 필요
(3) 상피세포의 성장과 발달에 필요",item_class,0.86,"복수 기능 후보: 눈 건강, 영양보충, 피부 건강 | (1) 흡연자는 섭취 시 전문가와 상담할 것","[""눈 건강"", ""영양보충"", ""피부 건강""]"
헤마토코쿠스 추출물,눈 건강,루테인/지아잔틴 계열,(1) 기능성 내용 : 눈의 피로도 개선에 도움을 줄 수 있음,item_class,0.86,"복수 기능 후보: 눈 건강, 피로개선 | (1) 과다 섭취 시 일시적으로 피부가 황색으로 변할 수 있음","[""눈 건강"", ""피로개선""]"
루테인,눈 건강,루테인/지아잔틴 계열,눈 건강 관련 기능성원료로 분류,official,0.72,,"[""눈 건강""]"
루테인 지아잔틴 복합 추출물,눈 건강,루테인/지아잔틴 계열,눈 건강 관련 기능성원료로 분류,"official, rule",0.72,,"[""눈 건강""]"
루테인 지아잔틴 복합 추출물 20%,눈 건강,루테인/지아잔틴 계열,눈 건강 관련 기능성원료로 분류,"official, rule",0.72,,"[""눈 건강""]"
루테인복합물VBAF,눈 건강,루테인/지아잔틴 계열,눈 건강 관련 기능성원료로 분류,"official, rule",0.72,,"[""눈 건강""]"
루테인지아잔틴복합추출물,눈 건강,루테인/지아잔틴 계열,눈 건강 관련 기능성원료로 분류,"official, rule",0.72,,"[""눈 건강""]"
루테인지아잔틴복합추출물20%,눈 건강,루테인/지아잔틴 계열,눈 건강 관련 기능성원료로 분류,"official, rule",0.72,,"[""눈 건강""]"
루테인지아잔틴복합추출물20%(기능성원료인정제2013-23호),눈 건강,루테인/지아잔틴 계열,눈 건강 관련 기능성원료로 분류,I0050,0.72,,"[""눈 건강""]"
루테인지아잔틴추출복합물,눈 건강,루테인/지아잔틴 계열,눈 건강 관련 기능성원료로 분류,official,0.72,,"[""눈 건강""]"
루테인지아잔틴추출복합물(기능성원료인정제2022-29호),눈 건강,루테인/지아잔틴 계열,눈 건강 관련 기능성원료로 분류,I0050,0.72,,"[""눈 건강""]"
루테인추출물20%,눈 건강,루테인/지아잔틴 계열,눈 건강 관련 기능성원료로 분류,"official, rule",0.72,,"[""눈 건강""]"
루테인추출복합물OS20,눈 건강,루테인/지아잔틴 계열,눈 건강 관련 기능성원료로 분류,"official, rule",0.72,,"[""눈 건강""]"
마리골드 추출물(루테인 에스테르),눈 건강,루테인/지아잔틴 계열,눈 건강 관련 기능성원료로 분류,"official, rule",0.72,,"[""눈 건강""]"
마리골드 추출물(루테인 에스테르)(기능성원료인정제2012-22호),눈 건강,루테인/지아잔틴 계열,눈 건강 관련 기능성원료로 분류,I0050,0.72,,"[""눈 건강""]"
마리골드꽃주정추출물(지아잔틴함유),눈 건강,루테인/지아잔틴 계열,눈 건강 관련 기능성원료로 분류,"official, rule",0.72,,"[""눈 건강""]"
마리골드꽃추출물(지아잔틴함유),눈 건강,루테인/지아잔틴 계열,눈 건강 관련 기능성원료로 분류,"official, rule, curated",0.72,,"[""눈 건강""]"
들깨쇠비름혼합추출물,면역,홍삼/면역 계열,"(국문) 면역기능 증진에 도움을 줄 수 있음
(영문) May help to improve immune function",item_class,0.94,"(1) 영·유아, 어린이, 임산부 및 수유부는 섭취에 주의","[""면역""]"
들깨쇠비름혼합추출물(제2021-11호),면역,홍삼/면역 계열,"(국문) 면역기능 증진에 도움을 줄 수 있음
(영문) May help to improve immune function",item_class,0.94,"(1) 영·유아, 어린이, 임산부 및 수유부는 섭취에 주의","[""면역""]"
상황버섯추출물,면역,홍삼/면역 계열,① 면역기능 개선에 도움을 줄 수 있음,item_class,0.94,,"[""면역""]"
알콕시글리세롤 함유 상어간유,면역,홍삼/면역 계열,① 면역력 증진에 도움을 줄 수 있음,item_class,0.94,,"[""면역""]"
영지버섯균사체추출분말(제2024-8호),면역,홍삼/면역 계열,"(국문) 면역기능 증진에 도움을 줄 수 있음
(영문) May help to improve immune function",item_class,0.94,"(1) 영‧유아, 어린이, 임산부, 및 수유부는 섭취를 피할 것","[""면역""]"
표고버섯균사체 AHCC(제2008-78호),면역,홍삼/면역 계열,면역기능 증진에 도움을 줄 수 있음(생리활성기능 2등급),item_class,0.94,,"[""면역""]"
L. rhamnosus IDCC 3201 열처리배양건조물(RHT®)(제2018-12호),면역,홍삼/면역 계열,"(국문) 면역과민반응에 의한 피부상태 개선에 도움을 줄 수 있음
(영문) May help to improve skin condition of immune hypersensitivity reaction",item_class,0.86,"복수 기능 후보: 면역, 피부 건강 | (1) 어린이, 임산부 및 수유부는 섭취에 주의","[""면역"", ""피부 건강""]"
Lacticaseibacillus paracasei HY7017 프로바이오틱스(제2025-69호),면역,홍삼/면역 계열,"(국문) 면역기능 증진에 도움을 줄 수 있음
(영문) May help to improve immune function",item_class,0.86,"복수 기능 후보: 면역, 장 건강 | (1) 영·유아, 임산부 및 수유부는 섭취를 피할 것","[""면역"", ""장 건강""]"
실크단백질 산가수분해물(Sil-Q1)(제2021-1호),면역,홍삼/면역 계열,"- (국문) 면역기능 증진에 도움을 줄 수 있음
(영문) May help to improve immune function",item_class,0.86,"복수 기능 후보: 면역, 운동/근력 | -영·유아, 어린이, 임산부 및 수유부는 섭취에 주의","[""면역"", ""운동/근력""]"
알로에 겔,면역,홍삼/면역 계열,(1) 피부건강·장 건강·면역력 증진에 도움을 줄 수 있음,item_class,0.86,"복수 기능 후보: 면역, 장 건강, 피부 건강 | (1) 이상사례 발생 시 섭취를 중단하고 전문가와 상담할 것","[""면역"", ""장 건강"", ""피부 건강""]"
인삼,면역,홍삼/면역 계열,"(가) 면역력 증진·피로개선·뼈 건강에 도움을 줄 수 있음
(나) 간 건강에 도움을 줄 수 있음[1) (2) (다)의 제조방법에 한함]",item_class,0.86,"복수 기능 후보: 면역, 피로개선, 간 건강, 뼈 건강 | (가) 당뇨치료제 및 혈액항응고제 복용 시 섭취에 주의","[""면역"", ""피로개선"", ""간 건강"", ""뼈 건강""]"
클로렐라,면역,홍삼/면역 계열,(1) 기능성 내용 : 피부건강･항산화･면역력 증진･혈중 콜레스테롤 개선에 도움을 줄 수 있음,item_class,0.86,"복수 기능 후보: 면역, 피부 건강, 항산화, 혈중지질 | (3) 섭취 시 주의사항 : 이상사례 발생 시 섭취를 중단하고 전문가와 상담할 것","[""면역"", ""피부 건강"", ""항산화"", ""혈중지질""]"
홍삼,면역,홍삼/면역 계열,"(1)기능성 내용 : 면역력 증진･피로개선･혈소판 응집억제를 통한 혈액흐름･기억력 개선･항산화･갱년기 여성의 건강에 도움을 줄 수 있음
(2) 일일섭취량
(가)면역력 증진･피로개선에 도움을 줄 수 있음 : 진세노사이드 Rg1, Rb1 및 Rg3의 합계로서 3~80 mg
(나)혈소판 응집억제를 통한 혈액흐름･기억력 개선･항산화에 도움을 줄 수 있음 : 진세노사이드 Rg1, Rb1 및 Rg3의 합계로서 2.4~80 mg
(다)갱년기 여성의 건강에 도움을 줄 수 있음 : 진세노사이드 Rg1, Rb1 및 Rg3의 합계로서 25~80 mg",item_class,0.86,"복수 기능 후보: 면역, 피로개선, 기억력, 여성 건강, 항산화 | (3) 섭취 시 주의사항","[""면역"", ""피로개선"", ""기억력"", ""여성 건강"", ""항산화"", ""혈행""]"
베타글루칸 분말,면역,홍삼/면역 계열,면역 관련 기능성원료로 분류,"official, rule",0.64,"복수 기능 후보: 면역, 혈중지질","[""면역"", ""혈중지질""]"
보리 베타글루칸 추출물,면역,홍삼/면역 계열,면역 관련 기능성원료로 분류,"official, rule",0.64,"복수 기능 후보: 면역, 혈중지질","[""면역"", ""혈중지질""]"
새싹인삼추출분말,면역,홍삼/면역 계열,면역 관련 기능성원료로 분류,"official, rule",0.64,"복수 기능 후보: 면역, 피로개선","[""면역"", ""피로개선""]"
인삼가수분해 농축액,면역,홍삼/면역 계열,면역 관련 기능성원료로 분류,I0050,0.64,"복수 기능 후보: 면역, 피로개선","[""면역"", ""피로개선""]"
인삼가수분해 농축액(기능성원료인정제2011-27호),면역,홍삼/면역 계열,면역 관련 기능성원료로 분류,I0050,0.64,"복수 기능 후보: 면역, 피로개선","[""면역"", ""피로개선""]"
인삼가수분해농축액,면역,홍삼/면역 계열,면역 관련 기능성원료로 분류,"official, rule",0.64,"복수 기능 후보: 면역, 피로개선","[""면역"", ""피로개선""]"
인삼가시오갈피 등 혼합추출물,면역,홍삼/면역 계열,면역 관련 기능성원료로 분류,"official, rule",0.64,"복수 기능 후보: 면역, 피로개선","[""면역"", ""피로개선""]"
인삼다당체추출물,면역,홍삼/면역 계열,면역 관련 기능성원료로 분류,"official, rule",0.64,"복수 기능 후보: 면역, 피로개선","[""면역"", ""피로개선""]"
인삼추출물,면역,홍삼/면역 계열,면역 관련 기능성원료로 분류,"official, rule",0.64,"복수 기능 후보: 면역, 피로개선","[""면역"", ""피로개선""]"
"홍삼, 사상자, 산수유 복합추추출물",면역,홍삼/면역 계열,면역 관련 기능성원료로 분류,"official, rule, curated",0.64,"복수 기능 후보: 면역, 피로개선, 혈행","[""면역"", ""피로개선"", ""혈행""]"
"홍삼, 사상자, 산수유 복합추출물",면역,홍삼/면역 계열,면역 관련 기능성원료로 분류,I0050,0.64,"복수 기능 후보: 면역, 피로개선, 혈행","[""면역"", ""피로개선"", ""혈행""]"
홍삼오일(KGC11o),면역,홍삼/면역 계열,면역 관련 기능성원료로 분류,"official, rule, curated",0.64,"복수 기능 후보: 면역, 피로개선, 혈행","[""면역"", ""피로개선"", ""혈행""]"
홍삼추출효소처리분말,면역,홍삼/면역 계열,면역 관련 기능성원료로 분류,"official, rule, curated",0.64,"복수 기능 후보: 면역, 피로개선, 혈행","[""면역"", ""피로개선"", ""혈행""]"
효모베타글루칸,면역,홍삼/면역 계열,면역 관련 기능성원료로 분류,official,0.64,"복수 기능 후보: 면역, 혈중지질","[""면역"", ""혈중지질""]"
오미자·두충·구기자추출복합물(제2024-13호),뼈 건강,칼슘/비타민D 계열,"(국문) 뼈 건강에 도움을 줄 수 있음
(영문) May help to maintain healthy bone",item_class,0.94,"(1) 영유아, 어린이, 임산부 및 수유부는 섭취를 피할 것","[""뼈 건강""]"
대두이소플라본,뼈 건강,칼슘/비타민D 계열,(1) 기능성 내용 : 뼈 건강에 도움을 줄 수 있음,item_class,0.86,"복수 기능 후보: 뼈 건강, 여성 건강 | (1) 영유아, 어린이, 임산부와 수유부는 섭취에 주의","[""뼈 건강"", ""여성 건강""]"
비타민 D,뼈 건강,칼슘/비타민D 계열,"(1) 칼슘과 인이 흡수되고 이용되는데 필요
(2) 뼈의 형성과 유지에 필요
(3) 골다공증발생 위험 감소에 도움을 줌",item_class,0.86,"복수 기능 후보: 뼈 건강, 영양보충 | (가) 고칼슘혈증이 있거나 의약품 복용 시 전문가와 상담할 것","[""뼈 건강"", ""영양보충""]"
비타민 K,뼈 건강,칼슘/비타민D 계열,"(1) 정상적인 혈액응고에 필요
(2) 뼈의 구성에 필요",item_class,0.86,"복수 기능 후보: 뼈 건강, 영양보충 | (1) 항응고제 등 복용 시 전문가와 상담할 것","[""뼈 건강"", ""영양보충""]"
칼슘,뼈 건강,칼슘/비타민D 계열,"(1) 뼈와 치아 형성에 필요
(2) 신경과 근육 기능 유지에 필요
(3) 정상적인 혈액응고에 필요
(4) 골다공증발생 위험 감소에 도움을 줌",item_class,0.86,"복수 기능 후보: 뼈 건강, 영양보충, 운동/근력","[""뼈 건강"", ""영양보충"", ""운동/근력""]"
L-글루탐산발효 가바분말(제2022-19호),수면/긴장완화,테아닌/GABA 계열,(국문) 수면의 질 개선에 도움을 줄 수 있음 (영문) May help to improve sleep quality,item_class,0.94,"(1) 영유아, 임산부, 수유부 및 특정 질환자는 섭취에 주의할 것 (2) 이상사례 발생 시 섭취를 중단하고 전문가와 상담할 것 (3) 특정질환(알레르기 체질 등)이 있는 분은 섭취에 주의 (4) 의약품(혈압약, 항우울제 등) 복용 시 섭취에 주의할 것","[""수면/긴장완화""]"
감국감태추출복합물(제2025-33호),수면/긴장완화,테아닌/GABA 계열,"(국문) 기관·기관지 상태(기침·가래 등) 개선에 도움을 줄 수 있음
(영문) May help to improve the condition(cough·phlegm, etc) of trachea·bronchi",item_class,0.94,"(1) 영‧유아, 어린이, 임산부 및 수유부는 섭취를 피할 것","[""수면/긴장완화""]"
미강주정추출물(제2018-3호),수면/긴장완화,테아닌/GABA 계열,"(국문) 수면에 도움을 줄 수 있음
(영문) May help to sleep",item_class,0.94,"-영·유아, 어린이, 임산부 및 수유부는 섭취에 주의","[""수면/긴장완화""]"
미배아발효분말(제2025-66호),수면/긴장완화,테아닌/GABA 계열,"(국문) 수면의 질 개선에 도움을 줄 수 있음
(영문) May help to improve sleep quality",item_class,0.94,"(1) 영‧유아, 어린이, 임산부 및 수유부는 섭취를 피할 것","[""수면/긴장완화""]"
유단백가수분해물,수면/긴장완화,테아닌/GABA 계열,① 스트레스로 인한 긴장 완화에 도움을 줄 수 있음,item_class,0.94,"(가) 임산부, 수유여성 및 어린이는 섭취에 주의","[""수면/긴장완화""]"
테아닌,수면/긴장완화,테아닌/GABA 계열,(1) 스트레스로 인한 긴장완화에 도움을 줄 수 있음,item_class,0.94,"(1) 카페인 함유음료(커피, 홍차, 녹차 등)와의 병용 섭취에 주의","[""수면/긴장완화""]"
홍경천 추출물,수면/긴장완화,테아닌/GABA 계열,스트레스로 인한 피로 개선에 도움을 줄 수 있음,item_class,0.86,"복수 기능 후보: 수면/긴장완화, 피로개선","[""수면/긴장완화"", ""피로개선""]"
L-글루타민산 유래 GABA 함유 분말,수면/긴장완화,테아닌/GABA 계열,수면 또는 긴장완화 관련 기능성원료로 분류,"official, rule",0.72,,"[""수면/긴장완화""]"
L-테아닌,수면/긴장완화,테아닌/GABA 계열,수면 또는 긴장완화 관련 기능성원료로 분류,"official, rule",0.72,,"[""수면/긴장완화""]"
감국감태추출복합물,수면/긴장완화,테아닌/GABA 계열,수면 또는 긴장완화 관련 기능성원료로 분류,official,0.72,,"[""수면/긴장완화""]"
감태추출물,수면/긴장완화,테아닌/GABA 계열,수면 또는 긴장완화 관련 기능성원료로 분류,"official, rule",0.72,,"[""수면/긴장완화""]"
씨폴리놀 감태주정추출물,수면/긴장완화,테아닌/GABA 계열,수면 또는 긴장완화 관련 기능성원료로 분류,"official, rule",0.72,,"[""수면/긴장완화""]"
테아닌(Theanine),수면/긴장완화,테아닌/GABA 계열,수면 또는 긴장완화 관련 기능성원료로 분류,"official, rule",0.72,,"[""수면/긴장완화""]"
녹차추출물/테아닌 복합물,수면/긴장완화,테아닌/GABA 계열,수면 또는 긴장완화 관련 기능성원료로 분류,"official, rule, curated",0.64,"복수 기능 후보: 수면/긴장완화, 체지방","[""수면/긴장완화"", ""체지방""]"
MS-10 엉겅퀴등복합추출물(제2020-6호),여성 건강,감마리놀렌산/이소플라본 계열,"(국문) 갱년기 여성건강에 도움을 줄 수 있음
(영문) May help to menopausal womens health",item_class,0.94,-임산부 및 수유부는 섭취를 피할 것,"[""여성 건강""]"
회화나무열매추출물,여성 건강,감마리놀렌산/이소플라본 계열,(1) 갱년기 여성의 건강에 도움을 줄 수 있음,item_class,0.94,"(가) 어린이, 임산부, 수유부는 섭취에 주의","[""여성 건강""]"
감마리놀렌산 함유 유지,여성 건강,감마리놀렌산/이소플라본 계열,혈중 콜레스테롤 개선･혈행개선･월경전 변화에 의한 불편한 상태 개선･면역과민반응에 의한 피부상태 개선에 도움을 줄 수 있음,item_class,0.86,"복수 기능 후보: 여성 건강, 면역, 피부 건강, 혈중지질, 혈행 | (1) 영･유아･어린이는 섭취 전 전문가와 상담한 후 섭취할 것(면역과민반응에 의한 피부상태 개선에 도움을 줄 수 있다는 기능성을 표시･판매하는 경우에 한함)","[""여성 건강"", ""면역"", ""피부 건강"", ""혈중지질"", ""혈행""]"
석류농축액(제2010-40호),여성 건강,감마리놀렌산/이소플라본 계열,갱년기 여성의 건강에 도움을 줄 수 있음(생리활성기능 2등급I),item_class,0.86,"복수 기능 후보: 여성 건강, 피부 건강 | (1) 어린이, 임산부와 수유부는 섭취를 피하는 것이 좋습니다. (2) 에스트로겐 호르몬에 민감한 사람은 섭취에 주의하시기 바랍니다.","[""여성 건강"", ""피부 건강""]"
감마리놀렌산함유유지,여성 건강,감마리놀렌산/이소플라본 계열,여성 건강 관련 기능성원료로 분류,"official, rule, curated",0.72,,"[""여성 건강""]"
대두이소플라본추출물,여성 건강,감마리놀렌산/이소플라본 계열,여성 건강 관련 기능성원료로 분류,"official, rule",0.72,,"[""여성 건강""]"
백수오 등 복합추출물,여성 건강,감마리놀렌산/이소플라본 계열,여성 건강 관련 기능성원료로 분류,"official, rule",0.72,,"[""여성 건강""]"
아글리맥스(AglyMax) 30 이소플라본추출물,여성 건강,감마리놀렌산/이소플라본 계열,여성 건강 관련 기능성원료로 분류,"official, rule",0.72,,"[""여성 건강""]"
크랜베리 추출물,여성 건강,감마리놀렌산/이소플라본 계열,여성 건강 관련 기능성원료로 분류,"official, rule",0.72,,"[""여성 건강""]"
크랜베리 추출물(기능성원료인정제2011-39호),여성 건강,감마리놀렌산/이소플라본 계열,여성 건강 관련 기능성원료로 분류,I0050,0.72,,"[""여성 건강""]"
파크랜크랜베리분말,여성 건강,감마리놀렌산/이소플라본 계열,여성 건강 관련 기능성원료로 분류,"official, rule",0.72,,"[""여성 건강""]"
미역석류씨추출복합물(잔티젠),여성 건강,감마리놀렌산/이소플라본 계열,여성 건강 관련 기능성원료로 분류,"official, rule",0.64,"복수 기능 후보: 여성 건강, 피부 건강","[""여성 건강"", ""피부 건강""]"
발효식초석류복합물,여성 건강,감마리놀렌산/이소플라본 계열,여성 건강 관련 기능성원료로 분류,official,0.64,"복수 기능 후보: 여성 건강, 피부 건강","[""여성 건강"", ""피부 건강""]"
발효식초석류복합물(기능성원료인정제2014-57호),여성 건강,감마리놀렌산/이소플라본 계열,여성 건강 관련 기능성원료로 분류,I0050,0.64,"복수 기능 후보: 여성 건강, 피부 건강","[""여성 건강"", ""피부 건강""]"
석류농축분말,여성 건강,감마리놀렌산/이소플라본 계열,여성 건강 관련 기능성원료로 분류,"official, rule",0.64,"복수 기능 후보: 여성 건강, 피부 건강","[""여성 건강"", ""피부 건강""]"
석류농축액(기능성원료인정제2010-40호),여성 건강,감마리놀렌산/이소플라본 계열,여성 건강 관련 기능성원료로 분류,I0050,0.64,"복수 기능 후보: 여성 건강, 피부 건강","[""여성 건강"", ""피부 건강""]"
석류농축액(기능성원료인정제2014-22호),여성 건강,감마리놀렌산/이소플라본 계열,여성 건강 관련 기능성원료로 분류,I0050,0.64,"복수 기능 후보: 여성 건강, 피부 건강","[""여성 건강"", ""피부 건강""]"
석류추출물,여성 건강,감마리놀렌산/이소플라본 계열,여성 건강 관련 기능성원료로 분류,"official, rule",0.64,"복수 기능 후보: 여성 건강, 피부 건강","[""여성 건강"", ""피부 건강""]"
석류효소처리추출물,여성 건강,감마리놀렌산/이소플라본 계열,여성 건강 관련 기능성원료로 분류,"official, rule",0.64,"복수 기능 후보: 여성 건강, 피부 건강","[""여성 건강"", ""피부 건강""]"
엽산,영양보충,비타민/미네랄 계열,"(1) 세포와 혈액생성에 필요
(2) 태아 신경관의 정상 발달에 필요
(3) 혈액의 호모시스테인 수준을 정상으로 유지하는데 필요",item_class,0.94,,"[""영양보충""]"
칼륨,영양보충,비타민/미네랄 계열,(1) 체내 물과 전해질 균형에 필요,item_class,0.94,"(1) 신장질환, 위장관질환 등이 있는 경우 섭취 전 전문가와 상담할 것","[""영양보충""]"
구리,영양보충,비타민/미네랄 계열,"(1) 철의 운반과 이용에 필요
(2) 유해산소로부터 세포를 보호하는데 필요",item_class,0.86,"복수 기능 후보: 영양보충, 항산화","[""영양보충"", ""항산화""]"
마그네슘,영양보충,비타민/미네랄 계열,"(1) 에너지 이용에 필요
(2) 신경과 근육 기능 유지에 필요",item_class,0.86,"복수 기능 후보: 영양보충, 운동/근력, 뼈 건강","[""영양보충"", ""운동/근력"", ""뼈 건강""]"
망간,영양보충,비타민/미네랄 계열,"(1) 뼈 형성에 필요
(2) 에너지 이용에 필요
(3) 유해산소로부터 세포를 보호하는데 필요",item_class,0.86,"복수 기능 후보: 영양보충, 뼈 건강, 항산화","[""영양보충"", ""뼈 건강"", ""항산화""]"
몰리브덴,영양보충,비타민/미네랄 계열,(1) 산화·환원 효소의 활성에 필요,item_class,0.86,"복수 기능 후보: 영양보충, 항산화","[""영양보충"", ""항산화""]"
비오틴,영양보충,비타민/미네랄 계열,"(1) 지방, 탄수화물, 단백질 대사와 에너지 생성에 필요",item_class,0.86,"복수 기능 후보: 영양보충, 피로개선 | (1) 이상사례 발생 시 섭취를 중단하고 전문가와 상담할 것","[""영양보충"", ""피로개선""]"
비타민 A,영양보충,비타민/미네랄 계열,"(1) 어두운 곳에서 시각 적응을 위해 필요
(2) 피부와 점막을 형성하고 기능을 유지하는데 필요
(3) 상피세포의 성장과 발달에 필요",item_class,0.86,"복수 기능 후보: 영양보충, 피부 건강, 눈 건강","[""영양보충"", ""피부 건강"", ""눈 건강""]"
비타민 B1,영양보충,비타민/미네랄 계열,(1) 탄수화물과 에너지 대사에 필요,item_class,0.86,"복수 기능 후보: 영양보충, 피로개선 | (1) 이상사례 발생 시 섭취를 중단하고 전문가와 상담할 것","[""영양보충"", ""피로개선""]"
비타민 B12,영양보충,비타민/미네랄 계열,(1) 정상적인 엽산 대사에 필요,item_class,0.86,"복수 기능 후보: 영양보충, 피로개선 | (1) 이상사례 발생 시 섭취를 중단하고 전문가와 상담할 것","[""영양보충"", ""피로개선""]"
비타민 B2,영양보충,비타민/미네랄 계열,(1) 체내 에너지 생성에 필요,item_class,0.86,"복수 기능 후보: 영양보충, 피로개선 | (1) 이상사례 발생 시 섭취를 중단하고 전문가와 상담할 것","[""영양보충"", ""피로개선""]"
비타민 B6,영양보충,비타민/미네랄 계열,"(1) 단백질 및 아미노산 이용에 필요
(2) 혈액의 호모시스테인 수준을 정상으로 유지하는데 필요",item_class,0.86,"복수 기능 후보: 영양보충, 피로개선","[""영양보충"", ""피로개선""]"
비타민 C,영양보충,비타민/미네랄 계열,"(1) 결합조직 형성과 기능유지에 필요
(2) 철의 흡수에 필요
(3) 항산화 작용을 하여 유해산소로부터 세포를 보호하는데 필요",item_class,0.86,"복수 기능 후보: 영양보충, 항산화","[""영양보충"", ""항산화""]"
비타민 E,영양보충,비타민/미네랄 계열,항산화 작용을 하여 유해산소로부터 세포를 보호하는데 필요,item_class,0.86,"복수 기능 후보: 영양보충, 항산화","[""영양보충"", ""항산화""]"
셀레늄(또는 셀렌),영양보충,비타민/미네랄 계열,(1) 유해산소로부터 세포를 보호하는데 필요,item_class,0.86,"복수 기능 후보: 영양보충, 항산화","[""영양보충"", ""항산화""]"
아연,영양보충,비타민/미네랄 계열,"(1) 정상적인 면역기능에 필요
(2) 정상적인 세포분열에 필요",item_class,0.86,"복수 기능 후보: 영양보충, 면역","[""영양보충"", ""면역""]"
요오드,영양보충,비타민/미네랄 계열,"(1) 갑상선 호르몬의 합성에 필요
(2) 에너지 생성에 필요
(3) 신경발달에 필요",item_class,0.86,"복수 기능 후보: 영양보충, 피로개선","[""영양보충"", ""피로개선""]"
철,영양보충,비타민/미네랄 계열,"(1) 체내 산소운반과 혈액생성에 필요
(2) 에너지 생성에 필요",item_class,0.86,"복수 기능 후보: 영양보충, 피로개선 | 특히 6세 이하는 과량섭취하지 않도록 주의","[""영양보충"", ""피로개선""]"
크롬,영양보충,비타민/미네랄 계열,"(1) 체내 탄수화물, 지방, 단백질 대사에 관여",item_class,0.86,"복수 기능 후보: 영양보충, 혈당 | (1) 당뇨병이 있는 경우 섭취 전 전문가와 상담할 것","[""영양보충"", ""혈당""]"
저분자유청단백가수분해물(제2023-21호),운동/근력,단백질/HMB/L-카르니틴 계열,"(국문) 근력개선에 도움을 줄 수 있음
(영문) May help to improve muscle strength",item_class,0.94,"(1) 영·유아, 어린이, 임산부 및 수유부는 섭취를 피할 것","[""운동/근력""]"
크레아틴,운동/근력,단백질/HMB/L-카르니틴 계열,① 근력 운동 시에 운동수행능력 향상에 도움을 줄 수 있음,item_class,0.94,(가) 신장에 영향을 미치는 약물을 복용하거나 신장 이상의 위험이 있는 사람은 의사와 상담 후에 섭취하여야 함,"[""운동/근력""]"
L-카르니틴 타르트레이트(제2012-19호),운동/근력,단백질/HMB/L-카르니틴 계열,"(국문) 체지방 감소에 도움을 줄 수 있음
운동으로 인한 피로 개선에 도움을 줄 수 있음
(영문) May help to reduce body fat
May help to reduce fatigue during endurance exercise",item_class,0.86,"복수 기능 후보: 운동/근력, 체지방, 피로개선 | (1) 영·유아, 어린이, 임산부 및 수유부는 섭취에 주의","[""운동/근력"", ""체지방"", ""피로개선""]"
녹용유산균발효분말(제2025-45호),운동/근력,단백질/HMB/L-카르니틴 계열,"(국문) 노화로 인해 감소될 수 있는 근력 유지에 도움을 줄 수 있음
(영문) May help to maintain muscle strength which can be affected by aging",item_class,0.86,"복수 기능 후보: 운동/근력, 남성 건강, 장 건강 | (1) 영유아, 어린이, 임산부 및 수유부는 섭취를 피할 것","[""운동/근력"", ""남성 건강"", ""장 건강""]"
단백질,운동/근력,단백질/HMB/L-카르니틴 계열,"(1) 근육, 결합조직 등 신체조직의 구성성분
(2) 효소, 호르몬, 항체의 구성에 필요
(3) 체내 필수 영양성분이나 활성물질의 운반과 저장에 필요
(4) 체액, 산-염기의 균형 유지에 필요
(5) 에너지, 포도당, 지질의 합성에 필요",item_class,0.86,"복수 기능 후보: 운동/근력, 영양보충 | 특정 단백질에 알레르기를 나타내는 경우에는 섭취 주의","[""운동/근력"", ""영양보충""]"
발효굴추출물(FSO)(제2023-39호),운동/근력,단백질/HMB/L-카르니틴 계열,"(국문) 근력개선에 도움을 줄 수 있음
(영문) May help to improve muscle strength",item_class,0.86,"복수 기능 후보: 운동/근력, 피로개선 | (1) 영·유아, 어린이, 임산부 및 수유부는 섭취를 피할 것","[""운동/근력"", ""피로개선""]"
발효생성아미노산 복합물(제2010-21호),운동/근력,단백질/HMB/L-카르니틴 계열,지구성 운동 시 피로개선에 도움을 줄 수 있음(기타기능Ⅱ),item_class,0.86,"복수 기능 후보: 운동/근력, 피로개선 | -신장, 심혈관계 질환이 있거나 간기능이 저하된 분은 의사와 상담 후 섭취하십시오","[""운동/근력"", ""피로개선""]"
발효생성아미노산 복합물(기능성원료인정제2011-40호),운동/근력,단백질/HMB/L-카르니틴 계열,운동 또는 근력 관련 기능성원료로 분류,I0050,0.72,,"[""운동/근력""]"
발효생성아미노산복합물,운동/근력,단백질/HMB/L-카르니틴 계열,운동 또는 근력 관련 기능성원료로 분류,official,0.72,,"[""운동/근력""]"
실크단백질 산가수분해물(Sil-Q1),운동/근력,단백질/HMB/L-카르니틴 계열,운동 또는 근력 관련 기능성원료로 분류,"official, rule",0.72,,"[""운동/근력""]"
실크단백질 효소가수분해물,운동/근력,단백질/HMB/L-카르니틴 계열,운동 또는 근력 관련 기능성원료로 분류,official,0.72,,"[""운동/근력""]"
L-카르니틴,운동/근력,단백질/HMB/L-카르니틴 계열,운동 또는 근력 관련 기능성원료로 분류,rule_based,0.64,"복수 기능 후보: 운동/근력, 체지방","[""운동/근력"", ""체지방""]"
L-카르니틴 타르트레이트,운동/근력,단백질/HMB/L-카르니틴 계열,운동 또는 근력 관련 기능성원료로 분류,"official, rule",0.64,"복수 기능 후보: 운동/근력, 체지방","[""운동/근력"", ""체지방""]"
피롤로퀴놀린퀴논이나트륨염(NOVAQ®)(제2025-56호),인지력,포스파티딜세린 계열,"(국문) 노화로 인해 저하된 인지기능 개선에 도움을 줄 수 있음
(영문) May help to improve cognitive function affected by aging",item_class,0.94,"(1) 영유아, 어린이, 임산부 및 수유부는 섭취를 피할 것","[""인지력""]"
황칠나무잎·줄기추출물(제2024-40호),인지력,포스파티딜세린 계열,"(국문) 노화로 인해 저하된 인지기능 개선에 도움을 줄 수 있음
(영문) May help to improve cognitive function affected by aging",item_class,0.94,"(1) 영유아, 어린이, 임산부 및 수유부는 섭취를 피할 것","[""인지력""]"
흰목이버섯효소분해추출물(Neu learn)(제2022-30호),인지력,포스파티딜세린 계열,"(국문) 노화로 인해 감소된 인지기능 개선에 도움을 줄 수 있음
(영문) May help to improve cognitive function affected by  aging",item_class,0.94,"(1) 영·유아, 어린이, 임산부 및 수유부는 섭취에 주의","[""인지력""]"
Lactiplantibacillus plantarum C29 프로바이오틱스와 발효대두분말의 복합물(DW2009)(제2022-43호),인지력,포스파티딜세린 계열,"(국문) 노화로 저하된 인지기능 개선에 도움을 줄 수 있음
(영문) May help to improve cognitive function affected by aging",item_class,0.86,"복수 기능 후보: 인지력, 장 건강 | (1) 영·유아, 어린이, 임산부 및 수유부는 섭취에 주의할 것","[""인지력"", ""장 건강""]"
라피노스,장 건강,프로바이오틱스/식이섬유 계열,"(1) 장내 유익균의 증식과 유해균의 억제에 도움을 줄 수 있음
(2) 배변활동을 원활히 하는데 도움을 줄 수 있음",item_class,0.94,(1) 섭취량 이상 섭취 시 설사를 유발할 수 있음,"[""장 건강""]"
목이버섯식이섬유,장 건강,프로바이오틱스/식이섬유 계열,(1) 배변활동 원활에 도움을 줄 수 있음,item_class,0.94,(1) 반드시 충분한 물과 함께 섭취할 것 (액상제외),"[""장 건강""]"
분말한천,장 건강,프로바이오틱스/식이섬유 계열,(1) 배변활동에 도움을 줄 수 있음,item_class,0.94,"(가) 어린이나 임산부, 수유부는 섭취를 주의해야 함","[""장 건강""]"
식이섬유,장 건강,프로바이오틱스/식이섬유 계열,(1) 식이섬유 보충,item_class,0.94,반드시 충분한 물과 함께 섭취할 것(액상제외),"[""장 건강""]"
아라비아검,장 건강,프로바이오틱스/식이섬유 계열,배변활동 원활에 도움을 줄 수 있음,item_class,0.94,반드시 충분한 물과 함께 섭취할 것 (액상제외),"[""장 건강""]"
아라비아검(아카시아검),장 건강,프로바이오틱스/식이섬유 계열,배변활동 원활에 도움을 줄 수 있음,item_class,0.94,반드시 충분한 물과 함께 섭취할 것 (액상제외),"[""장 건강""]"
알로에 전잎,장 건강,프로바이오틱스/식이섬유 계열,①배변활동 원활에 도움을 줄 수 있음,item_class,0.94,"(가) 어린이, 임산부 및 수유부는 섭취를 피할 것","[""장 건강""]"
폴리덱스트로스,장 건강,프로바이오틱스/식이섬유 계열,(1) 배변활동 원활에 도움을 줄 수 있음,item_class,0.94,(1) 반드시 충분한 물과 함께 섭취할 것(액상제외),"[""장 건강""]"
프락토올리고당,장 건강,프로바이오틱스/식이섬유 계열,(1) 장내 유익균 증식 및 배변활동 원활에 도움을 줄 수 있음,item_class,0.94,"(가) 섭취 시 가스참, 트림, 복통, 복부팽만감 등이 발생할 수 있음","[""장 건강""]"
프로바이오틱스,장 건강,프로바이오틱스/식이섬유 계열,유산균 증식 및 유해균 억제･배변활동 원활･장 건강에 도움을 줄 수 있음,item_class,0.94,(가) 질환이 있거나 의약품 복용 시 전문가와 상담할 것,"[""장 건강""]"
프로바이오틱스(Lactiplantibacillus plantarum KC3)·익모초추출복합물(CKDB-315)(제2025-1호),장 건강,프로바이오틱스/식이섬유 계열,"(국문) 기관·기관지 상태(기침·가래 등) 개선에 도움을 줄 수 있음
(영문) May help to improve trachea·bronchi condition (cough·sputum etc)",item_class,0.94,"(1) 영·유아, 임산부 및 수유부는 섭취를 피할 것","[""장 건강""]"
Weissella cibaria CMU 프로바이오틱스(제2026-2호),장 건강,프로바이오틱스/식이섬유 계열,"(국문) 잇몸건강에 도움을 줄 수 있음
(영문) May help to improve gum health",item_class,0.86,"복수 기능 후보: 장 건강, 구강 건강 | (1) 영·유아, 임산부 및 수유부는 섭취를 피할 것","[""장 건강"", ""구강 건강""]"
구아검/구아검가수분해물,장 건강,프로바이오틱스/식이섬유 계열,(1) 혈중 콜레스테롤 개선·식후 혈당상승 억제·장내 유익균 증식·배변활동 원활에 도움을 줄 수 있음,item_class,0.86,"복수 기능 후보: 장 건강, 혈당, 혈중지질 | (1) 반드시 충분한 물과 함께 섭취할 것 (액상제외)","[""장 건강"", ""혈당"", ""혈중지질""]"
"글루코만난(곤약, 곤약만난)",장 건강,프로바이오틱스/식이섬유 계열,혈중 콜레스테롤 개선·배변활동 원활에 도움을 줄 수 있음,item_class,0.86,"복수 기능 후보: 장 건강, 혈중지질 | 반드시 충분한 물과 함께 섭취할 것 (액상제외)","[""장 건강"", ""혈중지질""]"
대두식이섬유,장 건강,프로바이오틱스/식이섬유 계열,① 혈중 콜레스테롤 개선·식후 혈당상승 억제·배변활동 원활에 도움을 줄 수 있음,item_class,0.86,"복수 기능 후보: 장 건강, 혈당, 혈중지질 | (가) 반드시 충분한 물과 함께 섭취할 것 (액상제외)","[""장 건강"", ""혈당"", ""혈중지질""]"
밀식이섬유,장 건강,프로바이오틱스/식이섬유 계열,(1) 식후 혈당상승 억제·배변활동 원활에 도움을 줄 수 있음,item_class,0.86,"복수 기능 후보: 장 건강, 혈당 | (1) 반드시 충분한 물과 함께 섭취할 것(액상제외)","[""장 건강"", ""혈당""]"
유산균발효마늘추출분말(제2016-16호),장 건강,프로바이오틱스/식이섬유 계열,"(국문) 간건강에 도움을 줄 수 있음
(영문) May help protect liver",item_class,0.86,"복수 기능 후보: 장 건강, 간 건강 | -","[""장 건강"", ""간 건강""]"
이눌린/치커리추출물,장 건강,프로바이오틱스/식이섬유 계열,"(1) 혈중 콜레스테롤 개선, 식후 혈당상승 억제·배변활동 원활에 도움을 줄 수 있음",item_class,0.86,"복수 기능 후보: 장 건강, 혈당, 혈중지질 | (가) 임산부 및 수유부는 섭취를 피할 것","[""장 건강"", ""혈당"", ""혈중지질""]"
차전자피식이섬유,장 건강,프로바이오틱스/식이섬유 계열,(1) 혈중 콜레스테롤 개선･배변활동 원활에 도움을 줄 수 있음,item_class,0.86,"복수 기능 후보: 장 건강, 혈중지질 | (1) 반드시 충분한 물과 함께 섭취할 것(액상제외)","[""장 건강"", ""혈중지질""]"
프로바이오틱스(드시모네)(제2009-28호),장 건강,프로바이오틱스/식이섬유 계열,"- 유익한 유산균 증식, 유해균 억제, 배변활동 원활
- 장 면역을 조절하여 장 건강에 도움을 줄 수 있음",item_class,0.86,"복수 기능 후보: 장 건강, 면역","[""장 건강"", ""면역""]"
Bacillus coagulans BC99 프로바이오틱스,장 건강,프로바이오틱스/식이섬유 계열,장 건강 관련 기능성원료로 분류,"official, rule, curated",0.72,,"[""장 건강""]"
Bacillus coagulans SNZ 1969 프로바이오틱스,장 건강,프로바이오틱스/식이섬유 계열,장 건강 관련 기능성원료로 분류,"official, rule, curated",0.72,,"[""장 건강""]"
Bifidobacterium breve B-3 프로바이오틱스,장 건강,프로바이오틱스/식이섬유 계열,장 건강 관련 기능성원료로 분류,"official, rule, curated",0.72,,"[""장 건강""]"
L. curvatus HY7601와 L. plantarum KY1032의 프로바이오틱스 복합물,장 건강,프로바이오틱스/식이섬유 계열,장 건강 관련 기능성원료로 분류,"official, rule, curated",0.72,,"[""장 건강""]"
L. mucosae NK41과 B. longum NK46의 프로바이오틱스 복합물(NVP-2106),장 건강,프로바이오틱스/식이섬유 계열,장 건강 관련 기능성원료로 분류,"official, rule, curated",0.72,,"[""장 건강""]"
L. plantarum LC27과 B. longum LC67의 프로바이오틱스 복합물(NVP-1702),장 건강,프로바이오틱스/식이섬유 계열,장 건강 관련 기능성원료로 분류,"official, rule, curated",0.72,,"[""장 건강""]"
Lacticaseibacillus paracasei HY7017 프로바이오틱스,장 건강,프로바이오틱스/식이섬유 계열,장 건강 관련 기능성원료로 분류,"official, rule, curated",0.72,,"[""장 건강""]"
Lactiplantibacillus plantarum ATG-K2 프로바이오틱스,장 건강,프로바이오틱스/식이섬유 계열,장 건강 관련 기능성원료로 분류,"official, rule, curated",0.72,,"[""장 건강""]"
Lactiplantibacillus plantarum C29 프로바이오틱스와 발효대두분말의 복합물(DW2009),장 건강,프로바이오틱스/식이섬유 계열,장 건강 관련 기능성원료로 분류,"official, rule, curated",0.72,,"[""장 건강""]"
Lactiplantibacillus plantarum CJLP133 프로바이오틱스,장 건강,프로바이오틱스/식이섬유 계열,장 건강 관련 기능성원료로 분류,"official, rule, curated",0.72,,"[""장 건강""]"
Lactiplantibacillus plantarum HAC01 프로바이오틱스,장 건강,프로바이오틱스/식이섬유 계열,장 건강 관련 기능성원료로 분류,"official, rule, curated",0.72,,"[""장 건강""]"
Lactiplantibacillus plantarum LMT1-48 프로바이오틱스,장 건강,프로바이오틱스/식이섬유 계열,장 건강 관련 기능성원료로 분류,"official, rule, curated",0.72,,"[""장 건강""]"
Lactiplantibacillus plantarum PBS067 등 프로바이오틱스 복합물(PBS),장 건강,프로바이오틱스/식이섬유 계열,장 건강 관련 기능성원료로 분류,"official, rule, curated",0.72,,"[""장 건강""]"
Lactobacillus delbrueckii subsp. lactis CKDB001 프로바이오틱스,장 건강,프로바이오틱스/식이섬유 계열,장 건강 관련 기능성원료로 분류,"official, rule, curated",0.72,,"[""장 건강""]"
Lactobacillus plantarum TWK10 프로바이오틱스,장 건강,프로바이오틱스/식이섬유 계열,장 건강 관련 기능성원료로 분류,"official, rule, curated",0.72,,"[""장 건강""]"
Lactococcus lactis subsp. lactis CAB701 프로바이오틱스,장 건강,프로바이오틱스/식이섬유 계열,장 건강 관련 기능성원료로 분류,"official, rule, curated",0.72,,"[""장 건강""]"
Latilactobacillus curvatus LB-P9 프로바이오틱스,장 건강,프로바이오틱스/식이섬유 계열,장 건강 관련 기능성원료로 분류,"official, rule, curated",0.72,,"[""장 건강""]"
Latilactobacillus saeki LB-P12 프로바이오틱스,장 건강,프로바이오틱스/식이섬유 계열,장 건강 관련 기능성원료로 분류,"official, rule, curated",0.72,,"[""장 건강""]"
UREX 프로바이오틱스,장 건강,프로바이오틱스/식이섬유 계열,장 건강 관련 기능성원료로 분류,"official, rule, curated",0.72,,"[""장 건강""]"
Weissella cibaria CMU 프로바이오틱스,장 건강,프로바이오틱스/식이섬유 계열,장 건강 관련 기능성원료로 분류,"official, rule, curated",0.72,,"[""장 건강""]"
Weissella cibaria JW15 프로바이오틱스,장 건강,프로바이오틱스/식이섬유 계열,장 건강 관련 기능성원료로 분류,"official, rule, curated",0.72,,"[""장 건강""]"
Weissella confusa WIKIM51 프로바이오틱스(Wilac D001),장 건강,프로바이오틱스/식이섬유 계열,장 건강 관련 기능성원료로 분류,"official, rule, curated",0.72,,"[""장 건강""]"
갈락토올리고당분말(네오고스-P70),장 건강,프로바이오틱스/식이섬유 계열,장 건강 관련 기능성원료로 분류,"official, rule",0.72,,"[""장 건강""]"
골드키위유산균발효물(Kiwibiotics®),장 건강,프로바이오틱스/식이섬유 계열,장 건강 관련 기능성원료로 분류,"official, rule",0.72,,"[""장 건강""]"
락토페린(우유정제단백질),장 건강,프로바이오틱스/식이섬유 계열,장 건강 관련 기능성원료로 분류,"official, rule",0.72,,"[""장 건강""]"
락토페린LF300(우유유래정제단백질),장 건강,프로바이오틱스/식이섬유 계열,장 건강 관련 기능성원료로 분류,"official, rule",0.72,,"[""장 건강""]"
액상 프락토올리고당,장 건강,프로바이오틱스/식이섬유 계열,장 건강 관련 기능성원료로 분류,"official, curated",0.72,,"[""장 건강""]"
유산균 발효 다시마추출물(기능성원료인정제2011-23호),장 건강,프로바이오틱스/식이섬유 계열,장 건강 관련 기능성원료로 분류,I0050,0.72,,"[""장 건강""]"
유산균발효다시마추출물,장 건강,프로바이오틱스/식이섬유 계열,장 건강 관련 기능성원료로 분류,"official, rule",0.72,,"[""장 건강""]"
유산균발효다시마추출물(동결건조물 및 분무건조물),장 건강,프로바이오틱스/식이섬유 계열,장 건강 관련 기능성원료로 분류,"official, rule",0.72,,"[""장 건강""]"
유산균발효대두분말,장 건강,프로바이오틱스/식이섬유 계열,장 건강 관련 기능성원료로 분류,"official, rule",0.72,,"[""장 건강""]"
유산균발효마늘추출물분말,장 건강,프로바이오틱스/식이섬유 계열,장 건강 관련 기능성원료로 분류,"official, rule",0.72,,"[""장 건강""]"
유산균복합물(AB-LIFE®),장 건강,프로바이오틱스/식이섬유 계열,장 건강 관련 기능성원료로 분류,"official, rule",0.72,,"[""장 건강""]"
프로바이오틱스 ATP,장 건강,프로바이오틱스/식이섬유 계열,장 건강 관련 기능성원료로 분류,"official, rule, curated",0.72,,"[""장 건강""]"
프로바이오틱스 HY7714,장 건강,프로바이오틱스/식이섬유 계열,장 건강 관련 기능성원료로 분류,"official, rule, curated",0.72,,"[""장 건강""]"
프로바이오틱스(Lactiplantibacillus plantarum KC3)·익모초추출복합물(CKDB-315),장 건강,프로바이오틱스/식이섬유 계열,장 건강 관련 기능성원료로 분류,"official, rule, curated",0.72,,"[""장 건강""]"
프로바이오틱스(드시모네),장 건강,프로바이오틱스/식이섬유 계열,장 건강 관련 기능성원료로 분류,"official, rule, curated",0.72,,"[""장 건강""]"
프로바이오틱스(드시모네)(기능성원료인정제2009-28호),장 건강,프로바이오틱스/식이섬유 계열,장 건강 관련 기능성원료로 분류,I0050,0.72,,"[""장 건강""]"
유산균발효굴추출물(FGO),장 건강,프로바이오틱스/식이섬유 계열,장 건강 관련 기능성원료로 분류,"official, rule",0.64,"복수 기능 후보: 장 건강, 피로개선","[""장 건강"", ""피로개선""]"
공액리놀레산,체지방,가르시니아/CLA/녹차 계열,(1) 과체중인 성인의 체지방 감소에 도움을 줄 수 있음,item_class,0.94,"(가) 영･유아, 임산부 및 수유부는 섭취를 피할 것","[""체지방""]"
레몬 밤 추출물 혼합분말(제2010-24호),체지방,가르시니아/CLA/녹차 계열,체지방 감소에 도움을 줄 수 있음 (기타기능II),item_class,0.94,-알레르기 반응이 나타날 경우에는 섭취를 중단하시기 바랍니다,"[""체지방""]"
레몬버베나추출물 등 복합물(티에뜨레Ⓡ)(제2022-13호),체지방,가르시니아/CLA/녹차 계열,"(국문) 체지방 감소에 도움을 줄 수 있음
(영문) May help to reduce body fat",item_class,0.94,"(1) 영·유아, 어린이, 임산부 및 수유부는 섭취에 주의","[""체지방""]"
산수유추출물등복합물(리베스틴Ⓡ)(제2022-26호),체지방,가르시니아/CLA/녹차 계열,"(국문) 체지방 감소에 도움을 줄 수 있음
(영문) May help to reduce body fat",item_class,0.94,"(1) 영·유아, 어린이, 임산부 및 수유부는 섭취를 피할 것","[""체지방""]"
씨제이 히비스커스 등 복합추출물(제2004-7호),체지방,가르시니아/CLA/녹차 계열,(국문) 체지방 감소에 도움을 줄 수 있음 (영문) May help to reduce body fat,item_class,0.94,"-어린이, 임산부 및 수유부는 섭취를 피할 것","[""체지방""]"
자몽추출물등 복합물(Sinetrol)(제2019-24호),체지방,가르시니아/CLA/녹차 계열,"(국문) 체지방 감소에 도움을 줄 수 있음
(영문) May help to reduce body fat",item_class,0.94,"-영·유아, 어린이, 임산부 및 수유부는 섭취에 주의","[""체지방""]"
풋사과추출물 애플페논(Applephenon)(제2021-6호),체지방,가르시니아/CLA/녹차 계열,"(국문) 체지방 감소에 도움을 줄 수 있음
(영문) May help to reduce body fat",item_class,0.94,"-영·유아, 어린이, 임산부 및 수유부는 섭취에 주의","[""체지방""]"
해국추출물(제2022-36호),체지방,가르시니아/CLA/녹차 계열,"(국문) 체지방 감소에 도움을 줄 수 있음
(영문) May help to reduce body fat",item_class,0.94,"(1) 영·유아, 어린이, 임산부 및 수유부는 섭취에 주의","[""체지방""]"
Bifidobacterium breve B-3 프로바이오틱스(제2023-2호),체지방,가르시니아/CLA/녹차 계열,"(국문) 체지방 감소에 도움을 줄 수 있음
(영문) May help to reduce body fat",item_class,0.86,"복수 기능 후보: 체지방, 장 건강 | (1) 영·유아, 어린이, 임산부 및 수유부는 섭취에 주의할 것","[""체지방"", ""장 건강""]"
L. curvatus HY7601와 L. plantarum KY1032의 프로바이오틱스 복합물(제2019-4호),체지방,가르시니아/CLA/녹차 계열,"(국문) 체지방 감소에 도움을 줄 수 있음
(영문) May help to reduce body fat",item_class,0.86,"복수 기능 후보: 체지방, 장 건강 | (1) 질환이 있거나 의약품(면역억제제 등) 복용 시 전문가와 상담할 것","[""체지방"", ""장 건강""]"
Lactiplantibacillus plantarum LMT1-48 프로바이오틱스(제2025-32호),체지방,가르시니아/CLA/녹차 계열,"(국문) 체지방 감소에 도움을 줄 수 있음
(영문) May help to reduce body fat",item_class,0.86,"복수 기능 후보: 체지방, 장 건강 | (1) 영·유아, 어린이, 임산부 및 수유부는 섭취를 피할 것","[""체지방"", ""장 건강""]"
녹차추출물,체지방,가르시니아/CLA/녹차 계열,(1) 기능성 내용 : 항산화･체지방 감소･혈중 콜레스테롤 개선에 도움을 줄 수 있음,item_class,0.86,"복수 기능 후보: 체지방, 항산화, 혈중지질 | (가) 어린이, 임산부 및 수유부는 섭취를 피할 것","[""체지방"", ""항산화"", ""혈중지질""]"
발효식초석류복합물(제2014-57호),체지방,가르시니아/CLA/녹차 계열,체지방 감소에 도움을 줄 수 있음(생리활성기능 2등급),item_class,0.86,"복수 기능 후보: 체지방, 여성 건강, 피부 건강 | -임산부와 수유부는 섭취에 주의","[""체지방"", ""여성 건강"", ""피부 건강""]"
CLA-80HGR,체지방,가르시니아/CLA/녹차 계열,체지방 관련 기능성원료로 분류,official,0.72,,"[""체지방""]"
가르시니아 캄보지아 껍질추출물,체지방,가르시니아/CLA/녹차 계열,체지방 관련 기능성원료로 분류,"official, rule, curated",0.72,,"[""체지방""]"
가르시니아 캄보지아 껍질추출물 60,체지방,가르시니아/CLA/녹차 계열,체지방 관련 기능성원료로 분류,"official, rule, curated",0.72,,"[""체지방""]"
가르시니아 캄보지아 껍질추출물 60HCA,체지방,가르시니아/CLA/녹차 계열,체지방 관련 기능성원료로 분류,"official, rule, curated",0.72,,"[""체지방""]"
가르시니아 캄보지아 추출물,체지방,가르시니아/CLA/녹차 계열,체지방 관련 기능성원료로 분류,"official, rule",0.72,,"[""체지방""]"
가르시니아 캄보지아껍질 추출물-PE 60,체지방,가르시니아/CLA/녹차 계열,체지방 관련 기능성원료로 분류,"official, rule, curated",0.72,,"[""체지방""]"
공액리놀레산(CONJUGATED LINOLEIC ACID),체지방,가르시니아/CLA/녹차 계열,체지방 관련 기능성원료로 분류,"official, rule, curated",0.72,,"[""체지방""]"
열처리녹차추출물,체지방,가르시니아/CLA/녹차 계열,체지방 관련 기능성원료로 분류,"official, rule, curated",0.72,,"[""체지방""]"
매실추출물,피로개선,홍삼/에너지 계열,①피로 개선에 도움을 줄 수 있음,item_class,0.94,,"[""피로개선""]"
나이아신,피로개선,홍삼/에너지 계열,(1) 체내 에너지 생성에 필요,item_class,0.86,"복수 기능 후보: 피로개선, 영양보충","[""피로개선"", ""영양보충""]"
참당귀·녹용·황기 복합추출물(제2023-23호),피로개선,홍삼/에너지 계열,"(국문) 피로개선에 도움을 줄 수 있음
(영문) May help to reduce fatigue",item_class,0.86,"복수 기능 후보: 피로개선, 남성 건강 | (1) 영‧유아, 임산부 및 수유부는 섭취를 피할 것","[""피로개선"", ""남성 건강""]"
판토텐산,피로개선,홍삼/에너지 계열,"(1) 지방, 탄수화물, 단백질 대사와 에너지 생성에 필요",item_class,0.86,"복수 기능 후보: 피로개선, 영양보충 | (1) 이상사례 발생 시 섭취를 중단하고 전문가와 상담할 것","[""피로개선"", ""영양보충""]"
발효굴추출물(FSO),피로개선,홍삼/에너지 계열,피로 개선 관련 기능성원료로 분류,"official, rule",0.72,,"[""피로개선""]"
곤약감자추출물,피부 건강,콜라겐/히알루론산 계열,(1) 피부 보습에 도움을 줄 수 있음,item_class,0.94,(1) 임산부와 수유기 여성은 섭취를 피할 것,"[""피부 건강""]"
당귤농축분말(ROCH)(제2023-44호),피부 건강,콜라겐/히알루론산 계열,"(국문)
① 피부 보습에 도움을 줄 수 있음
② 자외선에 의한 피부 손상으로부터 피부 건강을 유지하는데 도움을 줄 수 있음
(영문)
① May help to moisturize (dry) skin
② May help to maintain good skin health by protecting against damage from UV exposure",item_class,0.94,"(1) 영·유아, 어린이, 임산부 및 수유부는 섭취를 피할 것","[""피부 건강""]"
배초향·고지베리·무화과복합추출물(제2024-23호),피부 건강,콜라겐/히알루론산 계열,"(국문) ① 피부 보습에 도움을 줄 수 있음, ② 자외선에 의해 손상된 피부 건강 유지에 도움을 줄 수 있음
(영문) ① May help to maintain skin moisturizing, ② May help to maintain skin health from skin damage by UV radiation",item_class,0.94,"(1) 영유아, 어린이, 임산부 및 수유부는 섭취를 피할 것","[""피부 건강""]"
연어코연골추출물(제2025-42호),피부 건강,콜라겐/히알루론산 계열,"(국문) ① 자외선에 의한 피부손상으로부터 피부 건강 유지에 도움을 줄 수 있음
② 피부 보습에 도움을 줄 수 있음
(영문) ① May help to maintain skin health from skin damage by UV radiation
② May help to maintain skin moisturizing",item_class,0.94,"(1) 영유아, 어린이, 임산부 및 수유부는 섭취를 피할 것","[""피부 건강""]"
히알루론산,피부 건강,콜라겐/히알루론산 계열,"(1)기능성 내용 : 피부보습･자외선에 의한 피부손상으로부터 피부건강 유지에 도움을 줄 수 있음
(2) 일일섭취량
(가) 피부보습에 도움을 줄 수 있음 : 히알루론산으로서 120∼240 mg
(나)자외선에 의한 피부손상으로부터 피부건강 유지에 도움을 줄 수 있음 : 히알루론산으로서 240 mg",item_class,0.94,,"[""피부 건강""]"
엽록소 함유 식물,피부 건강,콜라겐/히알루론산 계열,"(1) 기능성 내용 : 피부건강･항산화에 도움을 줄 수 있음
(2) 일일섭취량 : 총엽록소로서 8~150 mg",item_class,0.86,"복수 기능 후보: 피부 건강, 항산화 | (3) 섭취 시 주의사항 : 이상사례 발생 시 섭취를 중단하고 전문가와 상담할 것","[""피부 건강"", ""항산화""]"
프로바이오틱스 HY7714(제2015-1호),피부 건강,콜라겐/히알루론산 계열,"(국문) 피부 보습에 도움을 줄 수 있음, 자외선에 의한 피부손상으로부터 피부 건강 유지에 도움을 줄 수 있음 (영문) May help to moisturize (dry) skin, May help to maintain skin health from skin damage by UV",item_class,0.86,"복수 기능 후보: 피부 건강, 장 건강 | (1)영·유아, 어린이, 임산부 및 수유부는 섭취에 주의 (2)특정질환(알레르기 체질 등)이 있는 분은 섭취에 주의 (3)이상사례 발생 시 섭취를 중단하고 전문가와 상담할 것","[""피부 건강"", ""장 건강""]"
"홍삼, 사상자, 산수유 복합추출물(제2008-67호)",피부 건강,콜라겐/히알루론산 계열,햇볕 또는 자외선에 의한 피부손상으로부터 피부건강을 유지하는데 도움을 줄 수 있습니다(기타기능II),item_class,0.86,"복수 기능 후보: 피부 건강, 면역, 피로개선, 혈행 | -홍삼, 사상자, 산수유에 특이한 이상반응을 나타내는 사람은 섭취에 주의","[""피부 건강"", ""면역"", ""피로개선"", ""혈행""]"
AP 콜라겐 효소분해 펩타이드,피부 건강,콜라겐/히알루론산 계열,피부 건강 관련 기능성원료로 분류,"official, rule",0.72,,"[""피부 건강""]"
CJ저분자콜라겐펩타이드,피부 건강,콜라겐/히알루론산 계열,피부 건강 관련 기능성원료로 분류,"official, rule, curated",0.72,,"[""피부 건강""]"
Collactive 콜라겐펩타이드,피부 건강,콜라겐/히알루론산 계열,피부 건강 관련 기능성원료로 분류,"official, rule",0.72,,"[""피부 건강""]"
가다랑어 엘라스틴 펩타이드,피부 건강,콜라겐/히알루론산 계열,피부 건강 관련 기능성원료로 분류,official,0.72,,"[""피부 건강""]"
저분자 피쉬 콜라겐 펩타이드 (Naticol® BPMG),피부 건강,콜라겐/히알루론산 계열,피부 건강 관련 기능성원료로 분류,"official, rule, curated",0.72,,"[""피부 건강""]"
저분자콜라겐펩타이드,피부 건강,콜라겐/히알루론산 계열,피부 건강 관련 기능성원료로 분류,"official, curated",0.72,,"[""피부 건강""]"
저분자콜라겐펩타이드 AG,피부 건강,콜라겐/히알루론산 계열,피부 건강 관련 기능성원료로 분류,"official, rule, curated",0.72,,"[""피부 건강""]"
저분자콜라겐펩타이드GT,피부 건강,콜라겐/히알루론산 계열,피부 건강 관련 기능성원료로 분류,"official, rule, curated",0.72,,"[""피부 건강""]"
저분자콜라겐펩타이드GT(기능성원료인정제2022-6호),피부 건강,콜라겐/히알루론산 계열,피부 건강 관련 기능성원료로 분류,I0050,0.72,,"[""피부 건강""]"
저분자콜라겐펩타이드NS,피부 건강,콜라겐/히알루론산 계열,피부 건강 관련 기능성원료로 분류,"official, rule, curated",0.72,,"[""피부 건강""]"
저분자콜라겐펩타이드SH,피부 건강,콜라겐/히알루론산 계열,피부 건강 관련 기능성원료로 분류,"official, rule, curated",0.72,,"[""피부 건강""]"
피쉬 콜라겐펩타이드,피부 건강,콜라겐/히알루론산 계열,피부 건강 관련 기능성원료로 분류,"official, curated",0.72,,"[""피부 건강""]"
홍어껍질콜라겐펩타이드,피부 건강,콜라겐/히알루론산 계열,피부 건강 관련 기능성원료로 분류,official,0.72,,"[""피부 건강""]"
히알루론산나트륨,피부 건강,콜라겐/히알루론산 계열,피부 건강 관련 기능성원료로 분류,"official, curated",0.72,,"[""피부 건강""]"
스쿠알렌,항산화,비타민C/E/코엔자임Q10 계열,(1) 기능성 내용 : 항산화에 도움을 줄 수 있음,item_class,0.94,"(가) 어린이, 임산부 및 수유부는 섭취를 피할 것","[""항산화""]"
토마토추출물,항산화,비타민C/E/코엔자임Q10 계열,① 항산화에 도움을 줄 수 있음,item_class,0.94,(가) 알레르기 체질이신 분은 개인에 따라 과민반응을 나타낼 수 있음,"[""항산화""]"
포도종자추출물(제2008-42호),항산화,비타민C/E/코엔자임Q10 계열,인체의 항산화능 증진에 도움을 줄 수 있습니다.(기타기능 II),item_class,0.94,"① 위장장애가 발생할 수 있다.② 영유아, 임산부는 섭취를 삼가 해야 한다.③ 식사조절, 운동을 병행하는 것이 체지방 감소에 효과적이다.","[""항산화""]"
스피루리나,항산화,비타민C/E/코엔자임Q10 계열,(1) 기능성 내용 : 항산화･혈중 콜레스테롤 개선에 도움을 줄 수 있음,item_class,0.86,"복수 기능 후보: 항산화, 혈중지질 | (3) 섭취 시 주의사항 : 이상사례 발생 시 섭취를 중단하고 전문가와 상담할 것","[""항산화"", ""혈중지질""]"
코엔자임Q10,항산화,비타민C/E/코엔자임Q10 계열,(1) 기능성 내용 : 항산화･높은 혈압 감소에 도움을 줄 수 있음,item_class,0.86,"복수 기능 후보: 항산화, 혈압 | (가) 수유부는 섭취를 피할 것","[""항산화"", ""혈압""]"
KANEKA Q10,항산화,비타민C/E/코엔자임Q10 계열,항산화 관련 기능성원료로 분류,official,0.64,"복수 기능 후보: 항산화, 혈압","[""항산화"", ""혈압""]"
Kaneka Q10,항산화,비타민C/E/코엔자임Q10 계열,항산화 관련 기능성원료로 분류,official,0.64,"복수 기능 후보: 항산화, 혈압","[""항산화"", ""혈압""]"
동우코엔자임Q10,항산화,비타민C/E/코엔자임Q10 계열,항산화 관련 기능성원료로 분류,"official, rule, curated",0.64,"복수 기능 후보: 항산화, 혈압","[""항산화"", ""혈압""]"
미쯔비시 코엔자임 Q10,항산화,비타민C/E/코엔자임Q10 계열,항산화 관련 기능성원료로 분류,"official, rule, curated",0.64,"복수 기능 후보: 항산화, 혈압","[""항산화"", ""혈압""]"
미쯔비시 코엔자임Q10,항산화,비타민C/E/코엔자임Q10 계열,항산화 관련 기능성원료로 분류,"official, rule, curated",0.64,"복수 기능 후보: 항산화, 혈압","[""항산화"", ""혈압""]"
PMO 참밀알부민,혈당,바나바/난소화성말토덱스트린 계열,PMO 참밀알부민은 급격한 식후 혈당상승을 억제하는데 도움을 줄 수 있습니다 (기타기능II),item_class,0.94,소맥알레르기 체질인 사람은 섭취에 주의하여야 합니다,"[""혈당""]"
달맞이꽃종자 추출물,혈당,바나바/난소화성말토덱스트린 계열,① 식후 혈당상승 억제에 도움을 줄 수 있음,item_class,0.94,,"[""혈당""]"
미숙여주주정추출분말(제2020-14호),혈당,바나바/난소화성말토덱스트린 계열,"(국문) 식후 혈당상승 억제에 도움을 줄 수 있음
(영문) May help to suppress the rise in blood glucose after eating",item_class,0.94,"-영·유아, 어린이, 임산부 및 수유부는 섭취에 주의","[""혈당""]"
솔잎 증류 농축액(제2012-30호),혈당,바나바/난소화성말토덱스트린 계열,(국문) 건강한 혈당의 유지에 도움을 줄 수 있음(생리활성기능2등급),item_class,0.94,"(1) 기관지 천식, 해소 기침이나 기도에 심한 염증이 있는 사람은 섭취에 주의","[""혈당""]"
지각상엽 추출 혼합물(제2010-33호),혈당,바나바/난소화성말토덱스트린 계열,혈당 조절에 도움을 줄 수 있음 (기타기능II),item_class,0.94,피부에 광과민성 반응이 나타나는 사람은 섭취에 주의,"[""혈당""]"
콩발효추출물(제2007-10호),혈당,바나바/난소화성말토덱스트린 계열,당의 흡수를 억제하여 식후혈당을 건강하게 유지하는데 도움을 줄 수 있음(기타기능II),item_class,0.94,,"[""혈당""]"
히드록시프로필메틸셀룰로오스(제2014-12호),혈당,바나바/난소화성말토덱스트린 계열,식후 혈당상승 억제에 도움을 줄 수 있음 (생리활성기능 2등급),item_class,0.94,-과량 복용 시 약한 완하 작용 및 변비 주의,"[""혈당""]"
귀리식이섬유,혈당,바나바/난소화성말토덱스트린 계열,(1) 혈중 콜레스테롤 개선·식후 혈당상승 억제에 도움을 줄 수 있음,item_class,0.86,"복수 기능 후보: 혈당, 혈중지질, 장 건강 | (가) 반드시 충분한 물과 함께 섭취할 것(액상제외)","[""혈당"", ""혈중지질"", ""장 건강""]"
난소화성말토덱스트린,혈당,바나바/난소화성말토덱스트린 계열,"(1)기능성 내용 : 식후 혈당상승 억제･혈중 중성지질 개선･배변활동 원활에 도움을 줄 수 있음
(2) 일일섭취량
(가)식후 혈당상승 억제에 도움을 줄 수 있음 : 난소화성말토덱스트린 식이섬유로서 4.0~30 g (액상원료는 4.0~44 g)
(나)혈중 중성지질 개선에 도움을 줄 수 있음 : 난소화성말토덱스트린 식이섬유로서 5.0~30 g (액상원료는 5.0~44 g)
(다)배변활동 원활에 도움을 줄 수 있음 : 난소화성말토덱스트린 식이섬유로서 4.2~30 g (액상원료는 4.2~44 g)",item_class,0.86,"복수 기능 후보: 혈당, 장 건강, 혈중지질 | (3) 섭취 시 주의사항","[""혈당"", ""장 건강"", ""혈중지질""]"
인삼가수분해 농축액(제2011-27호),혈당,바나바/난소화성말토덱스트린 계열,"(국문) 혈당 조절에 도움을 줄 수 있음
(영문) May help to maintain healthy blood glucose level",item_class,0.86,"복수 기능 후보: 혈당, 면역, 피로개선 | -의약품(당뇨치료제, 혈액항응고제) 복용 시 섭취에 주의","[""혈당"", ""면역"", ""피로개선""]"
호로파종자식이섬유,혈당,바나바/난소화성말토덱스트린 계열,(1) 식후 혈당상승 억제에 도움을 줄 수 있음,item_class,0.86,"복수 기능 후보: 혈당, 장 건강 | (1) 반드시 충분한 물과 함께 섭취할 것 (액상제외)","[""혈당"", ""장 건강""]"
홍삼(제2024-20호),혈당,바나바/난소화성말토덱스트린 계열,"(국문) 혈당조절에 도움을 줄 수 있음
(영문) May help to maintain healthy blood glucose levels",item_class,0.86,"복수 기능 후보: 혈당, 면역, 피로개선, 혈행 | (1) 당뇨치료제 및 혈액항응고제 복용 시 섭취에 주의","[""혈당"", ""면역"", ""피로개선"", ""혈행""]"
구아바잎,혈당,바나바/난소화성말토덱스트린 계열,혈당 관련 기능성원료로 분류,official,0.72,,"[""혈당""]"
구아바잎추출물,혈당,바나바/난소화성말토덱스트린 계열,혈당 관련 기능성원료로 분류,"official, rule",0.72,,"[""혈당""]"
구아바잎추출물 등 복합물(BENDU381),혈당,바나바/난소화성말토덱스트린 계열,혈당 관련 기능성원료로 분류,"official, rule",0.72,,"[""혈당""]"
미숙여주주정추출분말,혈당,바나바/난소화성말토덱스트린 계열,혈당 관련 기능성원료로 분류,"official, rule",0.72,,"[""혈당""]"
밀전분유래 난소화성말토덱스트린,혈당,바나바/난소화성말토덱스트린 계열,혈당 관련 기능성원료로 분류,official,0.72,,"[""혈당""]"
바나바주정추출물,혈당,바나바/난소화성말토덱스트린 계열,혈당 관련 기능성원료로 분류,"official, rule",0.72,,"[""혈당""]"
탈지달맞이꽃종자주정추출물,혈당,바나바/난소화성말토덱스트린 계열,혈당 관련 기능성원료로 분류,"official, rule",0.72,,"[""혈당""]"
정어리펩타이드 SP100N(제2004-1호),혈압,코엔자임Q10/혈압 계열,"(국문) 혈압을 조절하는데 도움을 줄 수 있음
(영문) May help to maintain healthy blood pressure",item_class,0.94,(1) 고혈압치료제 등 복용 시 전문가와 상담할 것,"[""혈압""]"
카제인가수분해물(제2009-22호),혈압,코엔자임Q10/혈압 계열,혈압이 높은 사람에게 도움을 줄 수 있습니다(기타기능 II),item_class,0.94,,"[""혈압""]"
마늘,혈압,코엔자임Q10/혈압 계열,혈중 콜레스테롤 개선·혈압조절에 도움을 줄 수 있음,item_class,0.86,"복수 기능 후보: 혈압, 혈중지질","[""혈압"", ""혈중지질""]"
올리브잎주정추출물,혈압,코엔자임Q10/혈압 계열,혈압 관련 기능성원료로 분류,"official, rule",0.72,,"[""혈압""]"
카제인가수분해물,혈압,코엔자임Q10/혈압 계열,혈압 관련 기능성원료로 분류,official,0.72,,"[""혈압""]"
B. breve IDCC 4401 열처리배양건조물(BBR®)(제2021-5호),혈중지질,오메가3/콜레스테롤 계열,"(국문) 혈중 콜레스테롤 개선에 도움을 줄 수 있음
(영문) May help to reduce blood cholesterol levels",item_class,0.94,"(1) 영·유아, 어린이, 임산부 및 수유부는 섭취에 주의","[""혈중지질""]"
Lactiplantibacillus plantarum Q180(제2021-23호),혈중지질,오메가3/콜레스테롤 계열,"(국문) 식후 혈중 중성지방 개선에 도움을 줄 수 있음
(영문) May help to maintain healthy blood triglyceride level",item_class,0.94,(1) 질환이 있거나 의약품 복용 시 전문가와 상담할 것,"[""혈중지질""]"
대두단백,혈중지질,오메가3/콜레스테롤 계열,(1) 혈중 콜레스테롤 개선에 도움을 줄 수 있음,item_class,0.94,(1) 대두단백에 알레르기를 나타내는 경우에는 섭취 주의,"[""혈중지질""]"
레시틴,혈중지질,오메가3/콜레스테롤 계열,혈중 콜레스테롤 개선에 도움을 줄 수 있음,item_class,0.94,대두나 난황에 알레르기를 나타내는 사람은 섭취에 주의,"[""혈중지질""]"
식물스테롤/식물스테롤에스테르,혈중지질,오메가3/콜레스테롤 계열,① 혈중 콜레스테롤 개선에 도움을 줄 수 있음,item_class,0.94,베타-카로틴(β-carotene)의 흡수를 저해할 수 있음,"[""혈중지질""]"
아마인(제2009-72호),혈중지질,오메가3/콜레스테롤 계열,콜레스테롤 감소에 도움을 줄 수 있음(기타기능 Ⅱ),item_class,0.94,-혈액응고와 관련된 질병이 있거나 혈액응고저해제를 섭취하는 경우는 반드시 의사나 약사와 상담 후에 섭취하여야 합니다,"[""혈중지질""]"
창녕양파추출액(제2010-38호),혈중지질,오메가3/콜레스테롤 계열,혈중 콜레스테롤 개선에 도움을 줄 수 있음 (기타기능 II),item_class,0.94,,"[""혈중지질""]"
홍국,혈중지질,오메가3/콜레스테롤 계열,(1) 혈중 콜레스테롤 개선에 도움을 줄 수 있음,item_class,0.94,"(1) 어린이, 임산부 및 수유부는 섭취를 피할 것","[""혈중지질""]"
폴리코사놀 - 사탕수수 왁스 알코올,혈중지질,오메가3/콜레스테롤 계열,혈중지질 관련 기능성원료로 분류,official,0.72,,"[""혈중지질""]"
홍국쌀,혈중지질,오메가3/콜레스테롤 계열,혈중지질 관련 기능성원료로 분류,official,0.72,,"[""혈중지질""]"
홍국쌀(기능성원료인정제2009-19호),혈중지질,오메가3/콜레스테롤 계열,혈중지질 관련 기능성원료로 분류,I0050,0.72,,"[""혈중지질""]"
EPA & DHA 함유 유지,혈중지질,오메가3/콜레스테롤 계열,혈중지질 관련 기능성원료로 분류,"official, rule",0.64,"복수 기능 후보: 혈중지질, 혈행","[""혈중지질"", ""혈행""]"
EPA 및 DHA 함유 유지(고시형 원료),혈중지질,오메가3/콜레스테롤 계열,혈중지질 관련 기능성원료로 분류,"official, rule",0.64,"복수 기능 후보: 혈중지질, 혈행","[""혈중지질"", ""혈행""]"
EPA 및 DHA 함유유지,혈중지질,오메가3/콜레스테롤 계열,혈중지질 관련 기능성원료로 분류,"official, rule",0.64,"복수 기능 후보: 혈중지질, 혈행","[""혈중지질"", ""혈행""]"
EPA및DHA함유유지,혈중지질,오메가3/콜레스테롤 계열,혈중지질 관련 기능성원료로 분류,"official, rule",0.64,"복수 기능 후보: 혈중지질, 혈행","[""혈중지질"", ""혈행""]"
영지버섯 자실체 추출물,혈행,오메가3/혈행 계열,혈행 개선에 도움을 줄 수 있음,item_class,0.94,,"[""혈행""]"
EPA 및 DHA 함유 유지,혈행,오메가3/혈행 계열,(1) 기능성 내용 : 혈중 중성지질 개선･혈행 개선･기억력 개선･건조한 눈을 개선하여 눈 건강에 도움을 줄 수 있음,item_class,0.86,"복수 기능 후보: 혈행, 혈중지질, 기억력, 눈 건강 | (가) 의약품(항응고제, 항혈소판제, 혈압강하제 등) 복용 시 전문가와 상담할 것","[""혈행"", ""혈중지질"", ""기억력"", ""눈 건강""]"
HK 나토배양물,혈행,오메가3/혈행 계열,혈행 관련 기능성원료로 분류,"official, rule",0.72,,"[""혈행""]"
HK 나토배양물(기능성원료인정제2009-50호),혈행,오메가3/혈행 계열,혈행 관련 기능성원료로 분류,I0050,0.72,,"[""혈행""]"
나토균배양분말,혈행,오메가3/혈행 계열,혈행 관련 기능성원료로 분류,"official, rule",0.72,,"[""혈행""]"
나토균배양분말(기능성원료인정제2012-7호),혈행,오메가3/혈행 계열,혈행 관련 기능성원료로 분류,I0050,0.72,,"[""혈행""]"
